physician_id,department
30927,Cardiology
14816,Cardiology
73819,Orthopedics
81325,Pediatrics
10046,Cardiology
58773,Neurology
27827,Orthopedics
81494,Neurology
80016,Cardiology
70392,Oncology
58302,Oncology
75666,Pediatrics
39828,Oncology
49682,Cardiology
27637,Neurology
57386,Oncology
47847,Cardiology
66387,Oncology
55292,Neurology
55856,Orthopedics
66016,Orthopedics
45448,Cardiology
67795,Pediatrics
84574,Cardiology
18222,Oncology
71931,Orthopedics
10311,Orthopedics
16866,Pediatrics
92199,Orthopedics
99844,Cardiology
93606,Orthopedics
95638,Orthopedics
25479,Oncology
19600,Cardiology
59338,Neurology
37261,Orthopedics
20397,Oncology
20865,Orthopedics
50513,Neurology
32549,Oncology
39992,Neurology
91318,Pediatrics
67155,Cardiology
23565,Pediatrics
66139,Oncology
30285,Neurology
33894,Pediatrics
46407,Cardiology
39112,Neurology
71663,Orthopedics
32450,Cardiology
94645,Pediatrics
27930,Oncology
80459,Neurology
93779,Oncology
43490,Cardiology
25068,Pediatrics
31504,Cardiology
20336,Pediatrics
26943,Neurology
54382,Neurology
32182,Orthopedics
97669,Oncology
51402,Oncology
77140,Pediatrics
10015,Oncology
70932,Orthopedics
75475,Oncology
19917,Neurology
95691,Neurology
11864,Oncology
57583,Orthopedics
61015,Pediatrics
83178,Neurology
82083,Cardiology
52402,Orthopedics
98301,Pediatrics
81729,Orthopedics
45737,Neurology
48796,Cardiology
20845,Oncology
20571,Neurology
52759,Oncology
45644,Orthopedics
58904,Cardiology
54899,Neurology
79553,Neurology
22445,Neurology
58055,Cardiology
69207,Orthopedics
87222,Neurology
35794,Pediatrics
44328,Cardiology
79197,Orthopedics
63699,Neurology
19530,Pediatrics
26456,Pediatrics
87634,Orthopedics
25487,Cardiology
36095,Pediatrics
60634,Pediatrics
75100,Cardiology
19735,Oncology
59149,Oncology
85851,Pediatrics
63895,Neurology
31147,Neurology
88504,Neurology
93554,Oncology
30709,Pediatrics
44800,Cardiology
43102,Cardiology
85016,Cardiology
21744,Orthopedics
37504,Pediatrics
18039,Neurology
59596,Oncology
20958,Cardiology
18262,Oncology
34216,Pediatrics
36248,Neurology
26405,Orthopedics
81139,Neurology
97120,Cardiology
24585,Oncology
81400,Oncology
18952,Orthopedics
96524,Neurology
64106,Oncology
81489,Cardiology
92963,Cardiology
87949,Orthopedics
14763,Oncology
33359,Pediatrics
21690,Orthopedics
31040,Pediatrics
53785,Pediatrics
14989,Oncology
47913,Neurology
85186,Orthopedics
34934,Orthopedics
45025,Cardiology
37266,Orthopedics
67372,Cardiology
98587,Cardiology
81041,Oncology
26746,Oncology
56998,Orthopedics
97403,Oncology
85968,Neurology
99313,Cardiology
76496,Neurology
89866,Orthopedics
24032,Pediatrics
95709,Orthopedics
91896,Pediatrics
30268,Oncology
84535,Neurology
88203,Oncology
65594,Oncology
94851,Orthopedics
52934,Oncology
93299,Oncology
77828,Neurology
66904,Cardiology
15048,Oncology
52736,Cardiology
32914,Cardiology
83999,Orthopedics
99572,Orthopedics
46837,Pediatrics
41553,Orthopedics
17527,Oncology
37057,Neurology
61535,Orthopedics
45193,Cardiology
38528,Cardiology
98778,Neurology
35935,Neurology
59025,Orthopedics
93418,Neurology
75549,Cardiology
51637,Pediatrics
42798,Oncology
32362,Oncology
59434,Cardiology
59598,Pediatrics
10591,Pediatrics
57457,Oncology
79702,Orthopedics
35258,Oncology
31695,Cardiology
30418,Orthopedics
93803,Neurology
81085,Oncology
83110,Pediatrics
51961,Orthopedics
58742,Orthopedics
71157,Neurology
42007,Orthopedics
22003,Oncology
50357,Orthopedics
30225,Neurology
16822,Orthopedics
70014,Pediatrics
86901,Cardiology
31555,Cardiology
56694,Cardiology
49191,Orthopedics
92989,Pediatrics
72956,Oncology
28671,Oncology
23308,Cardiology
76627,Oncology
89818,Neurology
92596,Orthopedics
22940,Cardiology
33089,Oncology
55044,Pediatrics
92977,Cardiology
13720,Cardiology
48540,Pediatrics
73416,Pediatrics
47457,Pediatrics
44317,Pediatrics
36985,Pediatrics
43412,Cardiology
17386,Orthopedics
54003,Oncology
57705,Pediatrics
91841,Cardiology
12171,Oncology
24482,Oncology
23889,Pediatrics
91253,Cardiology
57628,Cardiology
41639,Pediatrics
91470,Neurology
18850,Cardiology
14851,Neurology
42088,Oncology
21482,Pediatrics
13648,Neurology
73654,Oncology
44531,Oncology
92171,Oncology
30376,Oncology
43759,Oncology
94551,Orthopedics
38051,Oncology
84607,Cardiology
96328,Orthopedics
97760,Orthopedics
85635,Pediatrics
13201,Cardiology
31607,Cardiology
76832,Orthopedics
18437,Orthopedics
37951,Pediatrics
52933,Orthopedics
52671,Orthopedics
64458,Oncology
68057,Orthopedics
36465,Oncology
16925,Cardiology
75758,Cardiology
95261,Orthopedics
43492,Oncology
51691,Pediatrics
93027,Oncology
68893,Oncology
17593,Pediatrics
33494,Oncology
90674,Pediatrics
49475,Orthopedics
43378,Orthopedics
17781,Neurology
15137,Cardiology
63330,Cardiology
34355,Cardiology
83099,Orthopedics
56386,Oncology
29256,Neurology
60232,Oncology
53938,Pediatrics
58595,Neurology
99709,Pediatrics
49163,Oncology
36239,Neurology
45352,Pediatrics
96426,Cardiology
62917,Cardiology
73174,Cardiology
77245,Orthopedics
84755,Oncology
77836,Neurology
16935,Neurology
43061,Neurology
53325,Pediatrics
75764,Neurology
61752,Pediatrics
75176,Cardiology
47642,Orthopedics
56070,Oncology
22523,Cardiology
79835,Oncology
90992,Cardiology
39052,Cardiology
44351,Oncology
29468,Cardiology
42797,Pediatrics
17027,Oncology
94964,Neurology
23222,Cardiology
72534,Cardiology
31562,Oncology
45809,Neurology
93327,Neurology
74257,Pediatrics
83422,Pediatrics
94525,Orthopedics
88276,Orthopedics
95916,Pediatrics
39356,Cardiology
97849,Neurology
78097,Orthopedics
53611,Neurology
99130,Orthopedics
73215,Orthopedics
57814,Pediatrics
51900,Pediatrics
67978,Oncology
17063,Oncology
52084,Pediatrics
33594,Orthopedics
82911,Neurology
38703,Oncology
84939,Pediatrics
60302,Pediatrics
15624,Pediatrics
25107,Orthopedics
15052,Pediatrics
59132,Orthopedics
10864,Pediatrics
93821,Orthopedics
72216,Cardiology
33815,Orthopedics
13122,Pediatrics
33684,Oncology
84975,Orthopedics
87342,Cardiology
16765,Oncology
24764,Orthopedics
50904,Neurology
91400,Orthopedics
37652,Cardiology
12052,Cardiology
49945,Oncology
68404,Orthopedics
19530,Oncology
14475,Neurology
80798,Cardiology
17232,Orthopedics
67371,Pediatrics
80357,Pediatrics
46379,Neurology
95690,Neurology
20657,Oncology
50639,Oncology
28433,Oncology
42837,Pediatrics
36740,Cardiology
33779,Cardiology
91176,Orthopedics
63994,Orthopedics
73593,Cardiology
28263,Orthopedics
37951,Neurology
84116,Cardiology
34067,Cardiology
17870,Orthopedics
78302,Neurology
65575,Orthopedics
48573,Neurology
96595,Cardiology
55391,Oncology
74766,Orthopedics
12345,Neurology
86296,Orthopedics
48078,Cardiology
14151,Pediatrics
90666,Pediatrics
41555,Oncology
98365,Neurology
25716,Cardiology
42482,Orthopedics
70710,Cardiology
75923,Oncology
13005,Oncology
20920,Pediatrics
50718,Neurology
76384,Oncology
10372,Neurology
17545,Cardiology
19867,Oncology
34871,Orthopedics
56046,Neurology
14117,Cardiology
24610,Cardiology
87815,Orthopedics
57610,Neurology
60113,Oncology
15328,Neurology
85620,Neurology
72478,Oncology
42623,Neurology
94260,Neurology
24219,Pediatrics
39324,Oncology
10261,Orthopedics
57148,Pediatrics
98240,Cardiology
25441,Cardiology
35257,Orthopedics
60941,Cardiology
91472,Cardiology
61226,Oncology
71745,Cardiology
94857,Orthopedics
12595,Neurology
56876,Neurology
90102,Oncology
23158,Neurology
73950,Oncology
36589,Cardiology
59792,Pediatrics
83734,Orthopedics
74120,Orthopedics
10709,Pediatrics
36776,Oncology
43055,Cardiology
43881,Pediatrics
41657,Neurology
76885,Orthopedics
33043,Cardiology
74527,Orthopedics
73353,Oncology
92944,Orthopedics
77362,Orthopedics
31300,Neurology
70123,Pediatrics
67731,Neurology
50154,Oncology
17228,Pediatrics
74700,Neurology
12701,Neurology
89434,Cardiology
57178,Cardiology
15028,Orthopedics
78667,Cardiology
66880,Orthopedics
62921,Pediatrics
39830,Orthopedics
11053,Pediatrics
68967,Neurology
90179,Pediatrics
36722,Oncology
59020,Cardiology
65583,Oncology
57225,Orthopedics
97319,Oncology
50128,Orthopedics
27581,Orthopedics
66444,Pediatrics
99646,Orthopedics
15828,Neurology
61258,Pediatrics
80011,Oncology
33204,Oncology
99162,Cardiology
88180,Pediatrics
41868,Pediatrics
69893,Pediatrics
90735,Orthopedics
18086,Neurology
23669,Cardiology
76171,Oncology
57601,Neurology
22131,Pediatrics
61246,Cardiology
22131,Pediatrics
28438,Oncology
82488,Cardiology
87459,Neurology
56463,Cardiology
13933,Pediatrics
30898,Pediatrics
44867,Neurology
44833,Oncology
32521,Oncology
54572,Orthopedics
26026,Oncology
82546,Orthopedics
41147,Cardiology
43472,Cardiology
85007,Orthopedics
72258,Oncology
35725,Orthopedics
67204,Orthopedics
92411,Neurology
66432,Neurology
66801,Neurology
37214,Neurology
81043,Orthopedics
84672,Oncology
21786,Cardiology
99624,Cardiology
46112,Cardiology
87196,Oncology
65985,Pediatrics
40132,Oncology
85871,Orthopedics
37881,Cardiology
77101,Cardiology
90622,Neurology
23508,Cardiology
86389,Oncology
28978,Orthopedics
87536,Cardiology
67105,Pediatrics
96153,Orthopedics
61863,Cardiology
46392,Cardiology
66213,Cardiology
55680,Cardiology
17101,Oncology
34011,Cardiology
84104,Pediatrics
27582,Oncology
75680,Pediatrics
74687,Orthopedics
45101,Neurology
10557,Cardiology
91208,Pediatrics
25825,Neurology
59977,Orthopedics
47042,Orthopedics
89848,Oncology
81013,Orthopedics
74621,Neurology
66749,Orthopedics
16334,Cardiology
71357,Neurology
41211,Pediatrics
81558,Pediatrics
18929,Orthopedics
94692,Pediatrics
31958,Oncology
56227,Oncology
23923,Orthopedics
84963,Cardiology
99607,Pediatrics
27365,Pediatrics
17898,Pediatrics
44815,Neurology
46259,Neurology
79580,Neurology
59501,Cardiology
65931,Neurology
97308,Neurology
68772,Oncology
33581,Neurology
34954,Oncology
70842,Oncology
10838,Oncology
99773,Orthopedics
67411,Oncology
56494,Orthopedics
61529,Pediatrics
90348,Cardiology
77761,Cardiology
56109,Orthopedics
47581,Cardiology
72494,Neurology
55789,Cardiology
63433,Neurology
75703,Orthopedics
64774,Neurology
56419,Oncology
87546,Orthopedics
11092,Neurology
31225,Orthopedics
13607,Cardiology
76829,Orthopedics
69489,Cardiology
96674,Neurology
96633,Orthopedics
15234,Pediatrics
74656,Pediatrics
69316,Oncology
31485,Neurology
19187,Cardiology
70207,Neurology
40557,Orthopedics
49794,Neurology
10618,Neurology
45471,Pediatrics
70786,Pediatrics
13334,Pediatrics
57903,Pediatrics
24501,Orthopedics
11213,Orthopedics
66725,Pediatrics
39339,Orthopedics
27611,Orthopedics
55732,Cardiology
72115,Cardiology
36827,Pediatrics
32595,Cardiology
30503,Orthopedics
55064,Oncology
25171,Pediatrics
34588,Pediatrics
49367,Cardiology
94068,Oncology
86823,Oncology
57205,Pediatrics
96819,Neurology
78961,Neurology
87830,Cardiology
73367,Pediatrics
56423,Orthopedics
45699,Cardiology
63931,Neurology
11255,Neurology
30524,Oncology
66802,Pediatrics
60117,Oncology
21778,Cardiology
35838,Neurology
19918,Oncology
22068,Neurology
55525,Cardiology
57294,Cardiology
46837,Pediatrics
75894,Oncology
61697,Neurology
56537,Cardiology
48333,Pediatrics
54508,Neurology
79813,Neurology
77227,Oncology
44142,Pediatrics
80676,Orthopedics
64031,Oncology
90478,Neurology
78308,Orthopedics
61055,Pediatrics
54613,Pediatrics
90958,Oncology
22610,Cardiology
21191,Oncology
14345,Orthopedics
32479,Orthopedics
84487,Orthopedics
39576,Cardiology
73865,Cardiology
89538,Oncology
33282,Neurology
48057,Cardiology
15559,Pediatrics
42073,Orthopedics
26830,Cardiology
26584,Orthopedics
60211,Orthopedics
94415,Orthopedics
28622,Oncology
90909,Cardiology
45699,Orthopedics
48886,Oncology
21315,Neurology
29172,Neurology
39482,Orthopedics
72747,Neurology
33643,Orthopedics
93033,Neurology
59477,Neurology
72852,Pediatrics
41260,Neurology
97426,Cardiology
96343,Pediatrics
77024,Orthopedics
32754,Oncology
57974,Cardiology
79610,Orthopedics
59282,Neurology
99683,Pediatrics
59223,Pediatrics
15716,Cardiology
96804,Orthopedics
73715,Cardiology
24883,Oncology
19015,Pediatrics
60458,Pediatrics
50867,Neurology
10942,Orthopedics
36775,Oncology
49335,Pediatrics
98110,Orthopedics
60430,Pediatrics
78760,Orthopedics
36317,Cardiology
18204,Orthopedics
66359,Cardiology
15620,Orthopedics
80470,Cardiology
18043,Cardiology
99068,Pediatrics
64247,Oncology
28391,Pediatrics
48714,Orthopedics
44509,Orthopedics
36082,Oncology
77458,Oncology
75489,Orthopedics
37698,Cardiology
20530,Orthopedics
92244,Orthopedics
12163,Orthopedics
66496,Oncology
20673,Pediatrics
76352,Cardiology
57912,Orthopedics
23451,Orthopedics
85419,Neurology
13160,Orthopedics
81059,Cardiology
22679,Pediatrics
23174,Neurology
47104,Orthopedics
62029,Cardiology
60368,Oncology
20064,Neurology
60415,Oncology
43708,Pediatrics
54579,Pediatrics
15376,Orthopedics
17368,Cardiology
71052,Neurology
91030,Neurology
61062,Oncology
47784,Neurology
88572,Oncology
35190,Oncology
11226,Oncology
88415,Orthopedics
91106,Pediatrics
22344,Pediatrics
99072,Oncology
40467,Neurology
30309,Oncology
36941,Neurology
93617,Neurology
13695,Oncology
39394,Neurology
23251,Pediatrics
32949,Orthopedics
48355,Orthopedics
24773,Neurology
66609,Cardiology
86214,Pediatrics
54868,Pediatrics
49763,Oncology
36422,Pediatrics
94082,Cardiology
13696,Neurology
12489,Pediatrics
93508,Oncology
80942,Neurology
72500,Orthopedics
19744,Pediatrics
12338,Orthopedics
77497,Pediatrics
18615,Neurology
57160,Oncology
95844,Neurology
61784,Oncology
39562,Orthopedics
10499,Pediatrics
42800,Oncology
28904,Oncology
31945,Oncology
39230,Cardiology
40385,Pediatrics
44589,Pediatrics
66740,Neurology
13915,Oncology
55638,Cardiology
80835,Neurology
52082,Pediatrics
17591,Neurology
13718,Cardiology
64276,Oncology
97401,Oncology
77976,Oncology
67274,Oncology
22059,Oncology
58998,Cardiology
30752,Oncology
20991,Pediatrics
24807,Oncology
54324,Orthopedics
19939,Oncology
87855,Neurology
88370,Neurology
64900,Oncology
73668,Neurology
23447,Pediatrics
25797,Neurology
74818,Orthopedics
22221,Cardiology
18033,Cardiology
86086,Oncology
31473,Orthopedics
89807,Oncology
33217,Oncology
30739,Oncology
77510,Neurology
42847,Neurology
26011,Oncology
48901,Pediatrics
32169,Pediatrics
33434,Oncology
43822,Oncology
66156,Pediatrics
33263,Orthopedics
14830,Orthopedics
25611,Oncology
73930,Cardiology
97722,Cardiology
71830,Orthopedics
73726,Neurology
81328,Cardiology
20844,Orthopedics
54706,Neurology
75514,Cardiology
59277,Pediatrics
47148,Pediatrics
80424,Oncology
54165,Orthopedics
13333,Neurology
44743,Pediatrics
25463,Neurology
70861,Cardiology
95853,Oncology
35334,Oncology
36933,Neurology
10100,Cardiology
36065,Cardiology
35879,Cardiology
23035,Pediatrics
33318,Neurology
31093,Neurology
86598,Cardiology
40496,Cardiology
91433,Orthopedics
26652,Cardiology
75759,Cardiology
22811,Orthopedics
31784,Oncology
89574,Oncology
56949,Oncology
27830,Cardiology
26191,Pediatrics
99670,Pediatrics
81902,Pediatrics
30734,Neurology
90182,Pediatrics
21286,Neurology
33600,Neurology
80451,Pediatrics
98907,Cardiology
25390,Oncology
99648,Pediatrics
34109,Neurology
79737,Orthopedics
88098,Oncology
99066,Oncology
26866,Neurology
18151,Orthopedics
71104,Oncology
65904,Orthopedics
35817,Orthopedics
34847,Neurology
94433,Neurology
24195,Pediatrics
65543,Oncology
74102,Cardiology
57896,Cardiology
30319,Orthopedics
78885,Pediatrics
94347,Neurology
20728,Neurology
59063,Pediatrics
33503,Neurology
89735,Orthopedics
31446,Cardiology
30949,Pediatrics
66284,Orthopedics
25603,Neurology
28297,Oncology
96461,Pediatrics
92955,Oncology
21822,Pediatrics
77528,Neurology
78207,Orthopedics
90218,Oncology
51900,Cardiology
84282,Oncology
28372,Pediatrics
23720,Cardiology
53187,Orthopedics
63049,Pediatrics
36096,Pediatrics
95863,Cardiology
20792,Neurology
99113,Cardiology
40208,Cardiology
89222,Orthopedics
39879,Pediatrics
19016,Oncology
50959,Cardiology
88774,Oncology
31404,Oncology
64662,Orthopedics
66291,Cardiology
45516,Neurology
76320,Cardiology
94692,Pediatrics
82309,Cardiology
42897,Orthopedics
89142,Oncology
41855,Oncology
92453,Neurology
25094,Orthopedics
89846,Neurology
89442,Neurology
22307,Neurology
23933,Pediatrics
67820,Neurology
79936,Oncology
60847,Cardiology
51062,Orthopedics
93165,Pediatrics
39577,Oncology
25251,Pediatrics
97761,Neurology
57090,Oncology
86105,Oncology
96597,Oncology
12168,Cardiology
51165,Pediatrics
72607,Pediatrics
82025,Orthopedics
57089,Cardiology
27503,Cardiology
25538,Cardiology
28244,Cardiology
85631,Neurology
65726,Neurology
23887,Oncology
98774,Pediatrics
40751,Neurology
70963,Orthopedics
33308,Orthopedics
10751,Orthopedics
27783,Neurology
67361,Orthopedics
91761,Pediatrics
25475,Pediatrics
68424,Neurology
76639,Oncology
47525,Neurology
20335,Orthopedics
78852,Oncology
55781,Neurology
35827,Cardiology
10789,Cardiology
78872,Cardiology
47594,Cardiology
44913,Cardiology
75938,Pediatrics
49689,Oncology
57192,Orthopedics
66644,Pediatrics
83188,Pediatrics
26621,Cardiology
10946,Oncology
27832,Oncology
98196,Pediatrics
33759,Orthopedics
65777,Pediatrics
91359,Cardiology
89470,Orthopedics
30183,Pediatrics
82991,Neurology
62285,Neurology
86347,Pediatrics
75727,Orthopedics
56569,Oncology
69230,Cardiology
87849,Oncology
23539,Cardiology
95751,Orthopedics
85351,Oncology
21970,Cardiology
84469,Orthopedics
47842,Pediatrics
75122,Cardiology
80197,Cardiology
11133,Oncology
55179,Oncology
23712,Neurology
59100,Neurology
52136,Pediatrics
13034,Oncology
56194,Neurology
39826,Pediatrics
59572,Orthopedics
59941,Oncology
97289,Cardiology
27062,Cardiology
99214,Cardiology
63175,Cardiology
77462,Orthopedics
80449,Pediatrics
89172,Pediatrics
70407,Neurology
99914,Orthopedics
56735,Neurology
27682,Orthopedics
46812,Orthopedics
92060,Orthopedics
24662,Oncology
39964,Orthopedics
41719,Cardiology
72083,Cardiology
69740,Orthopedics
47088,Pediatrics
88528,Oncology
37690,Orthopedics
24570,Cardiology
29210,Oncology
75122,Cardiology
63745,Neurology
83667,Oncology
25399,Pediatrics
54402,Neurology
41477,Neurology
16807,Cardiology
68333,Pediatrics
92968,Orthopedics
46208,Oncology
75301,Oncology
95298,Pediatrics
67728,Oncology
86048,Pediatrics
99131,Neurology
90888,Neurology
61671,Pediatrics
31339,Oncology
42352,Pediatrics
43521,Pediatrics
88012,Orthopedics
93668,Oncology
91218,Orthopedics
67534,Orthopedics
49774,Oncology
28399,Cardiology
61266,Pediatrics
51994,Pediatrics
36866,Orthopedics
75569,Cardiology
18074,Neurology
24256,Pediatrics
67430,Cardiology
34036,Cardiology
74866,Orthopedics
10370,Cardiology
39425,Orthopedics
39205,Neurology
44047,Orthopedics
33820,Oncology
72941,Cardiology
50038,Cardiology
87944,Pediatrics
12030,Cardiology
18453,Cardiology
57786,Orthopedics
20246,Neurology
42988,Cardiology
32231,Orthopedics
44015,Neurology
19566,Cardiology
52323,Neurology
25970,Orthopedics
58703,Cardiology
64719,Neurology
17944,Neurology
19698,Pediatrics
29779,Orthopedics
99415,Oncology
34960,Pediatrics
33523,Oncology
83902,Neurology
41056,Neurology
59356,Pediatrics
25577,Neurology
16230,Neurology
54327,Neurology
82605,Neurology
59957,Cardiology
97651,Pediatrics
58887,Orthopedics
51052,Neurology
89940,Orthopedics
33520,Oncology
64414,Cardiology
50066,Orthopedics
63215,Pediatrics
67292,Cardiology
30989,Oncology
48939,Orthopedics
43784,Cardiology
89842,Cardiology
49346,Neurology
96783,Neurology
25642,Oncology
88800,Orthopedics
42666,Oncology
68536,Neurology
35854,Oncology
20885,Orthopedics
71122,Orthopedics
83386,Orthopedics
61549,Pediatrics
16766,Orthopedics
82949,Neurology
13617,Neurology
35408,Oncology
27459,Orthopedics
18290,Oncology
89311,Orthopedics
22336,Orthopedics
97448,Neurology
60540,Cardiology
27307,Oncology
85336,Oncology
12667,Cardiology
15312,Cardiology
39106,Oncology
78292,Neurology
86693,Orthopedics
37578,Pediatrics
90843,Neurology
90756,Neurology
35891,Oncology
67169,Neurology
62326,Cardiology
77091,Cardiology
81076,Pediatrics
57374,Oncology
89662,Pediatrics
50967,Pediatrics
33212,Cardiology
94008,Orthopedics
22152,Pediatrics
13570,Orthopedics
10161,Pediatrics
89735,Cardiology
18999,Cardiology
27077,Pediatrics
24068,Pediatrics
35887,Orthopedics
78525,Pediatrics
72086,Oncology
57038,Oncology
64726,Cardiology
77224,Neurology
33553,Oncology
37331,Pediatrics
30752,Neurology
71326,Oncology
47805,Oncology
22755,Pediatrics
53049,Neurology
37028,Oncology
62559,Orthopedics
26807,Neurology
74684,Oncology
76397,Orthopedics
49429,Cardiology
86442,Oncology
61139,Pediatrics
65644,Cardiology
85028,Pediatrics
10072,Oncology
81381,Cardiology
43649,Pediatrics
26655,Pediatrics
41076,Pediatrics
11924,Cardiology
74982,Orthopedics
30963,Pediatrics
43246,Pediatrics
10800,Oncology
89099,Oncology
10110,Neurology
45964,Cardiology
72438,Neurology
46526,Cardiology
43149,Neurology
62349,Cardiology
24269,Pediatrics
14938,Cardiology
52883,Oncology
39894,Oncology
72530,Oncology
29703,Cardiology
18970,Pediatrics
46490,Pediatrics
81035,Oncology
96859,Pediatrics
44633,Pediatrics
36171,Neurology
78791,Orthopedics
93957,Pediatrics
22809,Pediatrics
17921,Neurology
42451,Neurology
71207,Oncology
44492,Orthopedics
76910,Cardiology
89455,Cardiology
67893,Orthopedics
23028,Neurology
24966,Cardiology
60238,Cardiology
87448,Pediatrics
77020,Pediatrics
28735,Pediatrics
10030,Pediatrics
35895,Orthopedics
65547,Oncology
40878,Neurology
86915,Cardiology
22324,Pediatrics
54758,Pediatrics
13051,Pediatrics
21666,Pediatrics
51144,Oncology
61645,Pediatrics
25155,Neurology
11061,Orthopedics
19253,Cardiology
67604,Pediatrics
37313,Pediatrics
31615,Pediatrics
84400,Orthopedics
98339,Oncology
77872,Pediatrics
56300,Neurology
12903,Pediatrics
57513,Orthopedics
64127,Neurology
68712,Oncology
15864,Oncology
81070,Neurology
10660,Cardiology
35617,Cardiology
68764,Oncology
41414,Oncology
92562,Cardiology
15232,Orthopedics
63981,Oncology
89218,Neurology
99571,Pediatrics
85544,Orthopedics
39822,Cardiology
37294,Cardiology
24159,Cardiology
59902,Orthopedics
17786,Neurology
89456,Cardiology
93102,Oncology
15888,Cardiology
74876,Cardiology
55109,Oncology
17474,Oncology
25208,Orthopedics
94310,Oncology
57878,Pediatrics
45458,Neurology
73293,Pediatrics
14664,Oncology
80907,Oncology
93234,Oncology
62442,Neurology
64595,Neurology
93498,Neurology
91782,Neurology
90318,Oncology
97836,Oncology
77922,Oncology
64830,Cardiology
96507,Oncology
35778,Neurology
54198,Cardiology
77392,Orthopedics
82215,Cardiology
25449,Pediatrics
59873,Oncology
46903,Oncology
76212,Oncology
98815,Cardiology
47579,Orthopedics
21837,Oncology
13047,Cardiology
47613,Cardiology
15623,Orthopedics
41436,Oncology
99639,Neurology
96955,Neurology
85668,Cardiology
43142,Pediatrics
21224,Cardiology
15957,Pediatrics
33047,Cardiology
25928,Pediatrics
28708,Oncology
86029,Oncology
75676,Neurology
19033,Neurology
69908,Pediatrics
67343,Orthopedics
89427,Cardiology
67724,Neurology
36604,Neurology
54409,Pediatrics
43050,Neurology
52179,Orthopedics
71729,Neurology
54019,Cardiology
86864,Oncology
65740,Neurology
21891,Orthopedics
22217,Oncology
56287,Cardiology
85967,Cardiology
43587,Orthopedics
35282,Oncology
96418,Cardiology
69332,Orthopedics
74202,Cardiology
18006,Orthopedics
52689,Oncology
60259,Pediatrics
92602,Cardiology
26109,Oncology
68869,Pediatrics
34891,Neurology
69347,Neurology
91081,Pediatrics
77254,Cardiology
73358,Cardiology
86417,Orthopedics
32200,Neurology
15298,Cardiology
80416,Cardiology
10501,Oncology
31006,Orthopedics
31296,Oncology
98801,Neurology
93864,Oncology
56645,Oncology
79177,Oncology
63282,Oncology
95411,Pediatrics
53210,Cardiology
52847,Cardiology
43644,Pediatrics
52678,Cardiology
84228,Orthopedics
29243,Cardiology
57409,Neurology
45357,Oncology
64931,Oncology
66580,Oncology
23005,Oncology
69021,Orthopedics
91649,Cardiology
20381,Pediatrics
27968,Pediatrics
68163,Oncology
57215,Neurology
65473,Oncology
63352,Pediatrics
54992,Orthopedics
81913,Cardiology
71941,Pediatrics
29499,Cardiology
41552,Orthopedics
81725,Oncology
83293,Cardiology
61948,Pediatrics
53260,Orthopedics
55973,Orthopedics
55437,Orthopedics
15947,Cardiology
27269,Orthopedics
69281,Neurology
64104,Cardiology
62315,Orthopedics
79656,Pediatrics
78826,Oncology
87288,Pediatrics
17732,Neurology
12201,Pediatrics
16498,Cardiology
70270,Orthopedics
65865,Pediatrics
23021,Cardiology
50100,Neurology
26939,Cardiology
67217,Cardiology
14142,Orthopedics
56527,Cardiology
51753,Cardiology
47975,Pediatrics
47486,Pediatrics
97153,Orthopedics
17860,Pediatrics
56635,Neurology
35926,Cardiology
14779,Pediatrics
90244,Oncology
76317,Cardiology
34679,Oncology
85792,Cardiology
24347,Oncology
85416,Cardiology
93350,Pediatrics
34093,Cardiology
88771,Cardiology
21263,Pediatrics
73873,Orthopedics
59402,Pediatrics
44442,Cardiology
59071,Orthopedics
46820,Orthopedics
44503,Cardiology
44322,Cardiology
47040,Neurology
83045,Neurology
68641,Orthopedics
81882,Orthopedics
42800,Neurology
38057,Pediatrics
13320,Oncology
42340,Neurology
96937,Orthopedics
85460,Cardiology
45811,Neurology
35973,Oncology
36944,Orthopedics
62575,Neurology
43968,Pediatrics
87148,Cardiology
79258,Orthopedics
90838,Orthopedics
94281,Pediatrics
95411,Neurology
20388,Cardiology
70354,Neurology
56739,Oncology
82975,Cardiology
12099,Orthopedics
57495,Oncology
52141,Orthopedics
17591,Oncology
58172,Neurology
65021,Orthopedics
64681,Orthopedics
81460,Pediatrics
26015,Oncology
12785,Neurology
73575,Cardiology
65006,Neurology
27470,Cardiology
16165,Orthopedics
39494,Orthopedics
86402,Pediatrics
97662,Neurology
33166,Cardiology
80474,Orthopedics
64508,Neurology
99633,Cardiology
52185,Pediatrics
11390,Orthopedics
82104,Oncology
44701,Orthopedics
54850,Neurology
90300,Neurology
60241,Neurology
71865,Orthopedics
37433,Cardiology
97698,Cardiology
11616,Cardiology
80884,Orthopedics
92296,Orthopedics
24432,Neurology
75087,Pediatrics
62738,Oncology
30066,Pediatrics
44594,Neurology
59091,Orthopedics
33371,Cardiology
83611,Oncology
96759,Orthopedics
61516,Orthopedics
50769,Pediatrics
24033,Cardiology
95296,Pediatrics
48271,Cardiology
76965,Pediatrics
91157,Orthopedics
33995,Neurology
14712,Cardiology
47664,Oncology
43397,Neurology
63806,Neurology
13705,Neurology
31610,Neurology
52701,Pediatrics
46850,Oncology
48711,Cardiology
25322,Cardiology
44937,Oncology
33256,Orthopedics
42376,Pediatrics
10448,Orthopedics
65029,Cardiology
66515,Pediatrics
46162,Cardiology
96968,Orthopedics
19352,Orthopedics
41047,Oncology
84134,Pediatrics
90354,Cardiology
38622,Cardiology
68534,Pediatrics
47329,Pediatrics
41340,Neurology
54813,Cardiology
20186,Orthopedics
88834,Cardiology
34555,Cardiology
77615,Orthopedics
38674,Pediatrics
76929,Orthopedics
75197,Cardiology
33708,Cardiology
46007,Orthopedics
66356,Cardiology
78447,Pediatrics
85365,Oncology
22712,Neurology
75631,Oncology
46279,Pediatrics
20438,Neurology
91138,Neurology
32116,Pediatrics
10244,Orthopedics
99933,Cardiology
46112,Pediatrics
77114,Neurology
57449,Oncology
20223,Cardiology
16524,Oncology
16002,Cardiology
20060,Oncology
86888,Pediatrics
48175,Orthopedics
76651,Neurology
78331,Neurology
19093,Neurology
31626,Oncology
78312,Orthopedics
40519,Pediatrics
66036,Orthopedics
23808,Neurology
80334,Cardiology
89679,Oncology
36390,Cardiology
84415,Cardiology
96089,Cardiology
86830,Orthopedics
54797,Neurology
64010,Oncology
99905,Oncology
87643,Pediatrics
48825,Orthopedics
71368,Neurology
71621,Neurology
69566,Pediatrics
82884,Orthopedics
85561,Orthopedics
19550,Orthopedics
51215,Oncology
66217,Oncology
70093,Pediatrics
60136,Oncology
93290,Oncology
21539,Pediatrics
10728,Pediatrics
21802,Oncology
78402,Neurology
65160,Orthopedics
79888,Pediatrics
53971,Cardiology
23423,Pediatrics
86168,Oncology
83262,Cardiology
40666,Cardiology
21644,Orthopedics
38887,Cardiology
49871,Cardiology
27916,Oncology
95682,Cardiology
16775,Orthopedics
15741,Neurology
37017,Neurology
38670,Pediatrics
29014,Pediatrics
27316,Cardiology
72462,Cardiology
40903,Oncology
89749,Cardiology
81261,Orthopedics
95942,Orthopedics
24422,Neurology
75612,Pediatrics
52060,Neurology
96393,Orthopedics
48361,Cardiology
23366,Orthopedics
62398,Neurology
41120,Neurology
34004,Pediatrics
35829,Neurology
42105,Orthopedics
58674,Oncology
43771,Neurology
12329,Cardiology
84701,Cardiology
56384,Orthopedics
26858,Neurology
74365,Orthopedics
42553,Pediatrics
70695,Oncology
34637,Oncology
88011,Orthopedics
31151,Oncology
89569,Pediatrics
56977,Neurology
31023,Orthopedics
65551,Cardiology
93612,Oncology
37357,Neurology
48996,Pediatrics
22645,Orthopedics
11011,Neurology
46851,Pediatrics
18943,Cardiology
33876,Oncology
20443,Orthopedics
78866,Cardiology
69024,Oncology
60145,Oncology
45268,Neurology
96302,Oncology
35463,Orthopedics
28028,Cardiology
65410,Pediatrics
42425,Pediatrics
72927,Neurology
32087,Neurology
96962,Neurology
29024,Orthopedics
99638,Cardiology
94268,Oncology
73467,Cardiology
35606,Neurology
23521,Oncology
17873,Oncology
67281,Cardiology
45355,Neurology
16690,Orthopedics
90122,Cardiology
49618,Neurology
79920,Orthopedics
98279,Orthopedics
30774,Cardiology
95086,Oncology
79576,Cardiology
95468,Neurology
24025,Neurology
78372,Orthopedics
62909,Orthopedics
67476,Oncology
59463,Oncology
37593,Orthopedics
44634,Orthopedics
15132,Orthopedics
51628,Pediatrics
83376,Orthopedics
71413,Oncology
50209,Oncology
92501,Oncology
57357,Neurology
19474,Cardiology
84320,Oncology
52518,Orthopedics
96460,Cardiology
27063,Pediatrics
27888,Pediatrics
62245,Cardiology
76438,Oncology
51834,Cardiology
37091,Neurology
79370,Orthopedics
65533,Cardiology
98185,Pediatrics
41316,Oncology
24693,Neurology
62696,Cardiology
29009,Oncology
20149,Cardiology
49463,Oncology
97844,Neurology
76464,Pediatrics
85244,Cardiology
63503,Cardiology
11309,Cardiology
59270,Pediatrics
38461,Cardiology
78669,Orthopedics
40129,Cardiology
45567,Cardiology
37606,Oncology
78763,Pediatrics
82639,Oncology
97741,Oncology
63299,Orthopedics
81794,Orthopedics
20997,Cardiology
25741,Neurology
59483,Neurology
28023,Cardiology
86291,Orthopedics
61175,Orthopedics
85581,Cardiology
86349,Pediatrics
40289,Orthopedics
74656,Orthopedics
48697,Cardiology
69530,Oncology
83827,Cardiology
71869,Oncology
85225,Orthopedics
60188,Orthopedics
68754,Pediatrics
38414,Cardiology
48204,Cardiology
17260,Neurology
84423,Pediatrics
85280,Orthopedics
82313,Cardiology
56648,Neurology
67395,Pediatrics
80276,Cardiology
95136,Orthopedics
60361,Orthopedics
77620,Orthopedics
71239,Pediatrics
94051,Oncology
39987,Cardiology
96116,Neurology
98521,Oncology
72356,Cardiology
29989,Cardiology
52553,Oncology
98955,Neurology
58402,Cardiology
74764,Oncology
82161,Orthopedics
18631,Neurology
50957,Cardiology
77452,Pediatrics
65782,Neurology
79260,Oncology
48806,Cardiology
75621,Oncology
85961,Neurology
35357,Orthopedics
97484,Pediatrics
62617,Neurology
64054,Orthopedics
35430,Neurology
36693,Oncology
55419,Oncology
22447,Pediatrics
44373,Orthopedics
46249,Orthopedics
34721,Orthopedics
75271,Orthopedics
55399,Pediatrics
37144,Cardiology
68852,Pediatrics
74288,Orthopedics
24734,Oncology
91824,Cardiology
35568,Cardiology
83855,Pediatrics
96920,Oncology
80970,Cardiology
24407,Neurology
29006,Oncology
12634,Orthopedics
20342,Pediatrics
81371,Oncology
24293,Pediatrics
85299,Cardiology
13887,Orthopedics
88764,Pediatrics
37911,Orthopedics
33080,Pediatrics
37441,Neurology
73480,Orthopedics
86842,Cardiology
53780,Neurology
31324,Neurology
86827,Oncology
53551,Oncology
83110,Orthopedics
88473,Cardiology
85659,Pediatrics
65898,Oncology
28806,Neurology
24724,Pediatrics
98142,Pediatrics
99871,Orthopedics
95778,Neurology
96705,Orthopedics
72400,Oncology
27266,Neurology
22983,Pediatrics
54826,Oncology
88285,Cardiology
33153,Orthopedics
40127,Neurology
31344,Pediatrics
37890,Pediatrics
88408,Cardiology
80338,Orthopedics
56484,Pediatrics
87694,Neurology
42188,Cardiology
77105,Orthopedics
48721,Oncology
60823,Pediatrics
50680,Pediatrics
43129,Cardiology
59923,Oncology
23019,Neurology
85035,Cardiology
82718,Pediatrics
41161,Orthopedics
38587,Oncology
26173,Neurology
97941,Oncology
25745,Orthopedics
13314,Pediatrics
92013,Pediatrics
25250,Orthopedics
89082,Neurology
98236,Orthopedics
85829,Oncology
93730,Orthopedics
11362,Cardiology
74856,Orthopedics
31601,Neurology
32649,Neurology
10643,Pediatrics
82846,Neurology
34880,Cardiology
96867,Orthopedics
17175,Cardiology
27268,Cardiology
18183,Neurology
91959,Pediatrics
68937,Oncology
77536,Oncology
51245,Oncology
32475,Oncology
32544,Pediatrics
34231,Oncology
61013,Neurology
73122,Oncology
76549,Oncology
55833,Neurology
35474,Neurology
68251,Pediatrics
34382,Neurology
46904,Oncology
60039,Neurology
90219,Orthopedics
82179,Cardiology
25236,Cardiology
30895,Cardiology
80351,Oncology
88009,Orthopedics
35778,Neurology
11486,Cardiology
30644,Cardiology
28333,Oncology
65277,Neurology
75493,Pediatrics
66307,Cardiology
94731,Pediatrics
13519,Orthopedics
48926,Neurology
28770,Orthopedics
50671,Neurology
80522,Neurology
80242,Orthopedics
99118,Neurology
43319,Pediatrics
50806,Cardiology
83180,Pediatrics
44131,Oncology
77656,Orthopedics
95423,Cardiology
22500,Orthopedics
17542,Orthopedics
44380,Neurology
37972,Pediatrics
16473,Orthopedics
19864,Pediatrics
90066,Oncology
88217,Neurology
68941,Cardiology
71000,Pediatrics
25422,Orthopedics
55194,Cardiology
61556,Pediatrics
38932,Oncology
54551,Oncology
37127,Cardiology
78907,Cardiology
11302,Pediatrics
23726,Oncology
44639,Cardiology
37885,Pediatrics
99389,Oncology
55244,Oncology
80732,Cardiology
80969,Cardiology
66541,Cardiology
24232,Pediatrics
31579,Oncology
15012,Cardiology
80438,Cardiology
34748,Cardiology
19609,Orthopedics
33161,Pediatrics
48605,Cardiology
41457,Neurology
83596,Cardiology
50135,Cardiology
98990,Neurology
22068,Cardiology
56931,Pediatrics
66591,Orthopedics
37182,Oncology
14452,Neurology
89419,Neurology
25773,Cardiology
76417,Orthopedics
82298,Cardiology
29518,Neurology
82647,Oncology
37818,Cardiology
25860,Oncology
42497,Cardiology
65450,Cardiology
30924,Cardiology
11839,Oncology
22085,Cardiology
54913,Cardiology
65014,Orthopedics
36875,Oncology
39953,Neurology
60211,Orthopedics
55887,Oncology
10212,Pediatrics
29755,Orthopedics
66765,Cardiology
27654,Orthopedics
17336,Neurology
55562,Cardiology
55976,Cardiology
43375,Cardiology
75637,Neurology
41133,Orthopedics
98881,Cardiology
44364,Oncology
54926,Neurology
29513,Oncology
60191,Pediatrics
89727,Cardiology
64010,Oncology
27685,Cardiology
30617,Cardiology
32722,Orthopedics
36595,Orthopedics
89204,Oncology
22010,Orthopedics
49188,Neurology
83974,Pediatrics
12836,Orthopedics
36428,Cardiology
84072,Neurology
63609,Cardiology
79444,Orthopedics
30492,Neurology
61959,Cardiology
53597,Oncology
92583,Neurology
55744,Oncology
36442,Orthopedics
42133,Oncology
48521,Oncology
41699,Oncology
97415,Neurology
51791,Oncology
13734,Cardiology
42121,Pediatrics
24341,Cardiology
85546,Cardiology
94141,Cardiology
71296,Orthopedics
77156,Oncology
73412,Neurology
50558,Oncology
65131,Neurology
89013,Neurology
34557,Orthopedics
28793,Orthopedics
93169,Pediatrics
28095,Oncology
41852,Pediatrics
12598,Oncology
26956,Oncology
28597,Oncology
48309,Cardiology
39385,Pediatrics
14436,Oncology
51035,Neurology
62046,Oncology
92829,Cardiology
29116,Cardiology
69118,Neurology
87249,Oncology
38967,Cardiology
74810,Neurology
56461,Pediatrics
10209,Neurology
80166,Neurology
18627,Orthopedics
52657,Pediatrics
64047,Neurology
73319,Pediatrics
98434,Pediatrics
85043,Neurology
60806,Oncology
75862,Cardiology
43180,Neurology
57633,Cardiology
74002,Orthopedics
67828,Pediatrics
25577,Neurology
61915,Pediatrics
51492,Neurology
22037,Neurology
66950,Oncology
88879,Neurology
34270,Oncology
56788,Oncology
18100,Oncology
45286,Neurology
69119,Oncology
37680,Cardiology
50794,Orthopedics
30307,Orthopedics
95694,Pediatrics
35048,Orthopedics
21015,Oncology
92887,Cardiology
58118,Cardiology
59073,Orthopedics
69064,Neurology
19881,Neurology
40822,Pediatrics
94459,Oncology
87970,Neurology
95460,Oncology
12485,Oncology
90256,Oncology
82808,Cardiology
12773,Cardiology
23771,Oncology
73622,Oncology
62821,Oncology
62062,Neurology
70036,Cardiology
90509,Orthopedics
55304,Oncology
99401,Pediatrics
74057,Pediatrics
79208,Neurology
11466,Oncology
26683,Pediatrics
23227,Orthopedics
97408,Pediatrics
45631,Orthopedics
18466,Orthopedics
24219,Cardiology
77243,Cardiology
25903,Cardiology
21501,Neurology
64990,Cardiology
16821,Oncology
55030,Neurology
69018,Neurology
44661,Pediatrics
82028,Orthopedics
65990,Pediatrics
49290,Cardiology
58642,Orthopedics
29037,Cardiology
42959,Cardiology
49562,Neurology
51628,Cardiology
57564,Oncology
73694,Orthopedics
71265,Neurology
99896,Oncology
95705,Pediatrics
56457,Cardiology
50508,Pediatrics
32088,Oncology
43012,Pediatrics
83485,Neurology
26830,Pediatrics
74157,Neurology
62389,Cardiology
78039,Orthopedics
25723,Orthopedics
11485,Orthopedics
78457,Pediatrics
52883,Oncology
29595,Pediatrics
60806,Cardiology
74326,Orthopedics
29387,Neurology
56099,Orthopedics
31913,Oncology
68911,Cardiology
69658,Cardiology
53033,Cardiology
17428,Orthopedics
95625,Cardiology
41350,Neurology
89504,Neurology
69282,Neurology
97092,Pediatrics
97753,Neurology
32304,Oncology
10963,Oncology
27676,Neurology
51739,Neurology
73330,Oncology
54561,Oncology
69844,Orthopedics
13322,Cardiology
70819,Pediatrics
84089,Neurology
10342,Neurology
57562,Oncology
33637,Cardiology
92345,Oncology
75536,Cardiology
89875,Cardiology
23360,Cardiology
60100,Orthopedics
64400,Cardiology
45865,Neurology
35677,Cardiology
91674,Pediatrics
48388,Pediatrics
92530,Pediatrics
15097,Cardiology
33608,Neurology
26216,Cardiology
98413,Pediatrics
40982,Oncology
80791,Orthopedics
91227,Cardiology
19920,Neurology
21372,Cardiology
93538,Neurology
87039,Cardiology
41066,Neurology
97277,Cardiology
63694,Oncology
29482,Pediatrics
83552,Oncology
72993,Oncology
51722,Cardiology
72750,Neurology
62724,Pediatrics
55120,Cardiology
38590,Neurology
32006,Oncology
63187,Oncology
97744,Oncology
83309,Neurology
47525,Neurology
66616,Oncology
90076,Orthopedics
90613,Orthopedics
71760,Pediatrics
37083,Neurology
99533,Neurology
20277,Orthopedics
34333,Orthopedics
73404,Pediatrics
98733,Cardiology
93357,Pediatrics
76141,Oncology
99564,Neurology
56415,Cardiology
98684,Pediatrics
29298,Neurology
53562,Pediatrics
53153,Oncology
98160,Pediatrics
14862,Orthopedics
68869,Orthopedics
88605,Pediatrics
12569,Pediatrics
30822,Oncology
35755,Orthopedics
19525,Neurology
11308,Orthopedics
58935,Orthopedics
51794,Cardiology
17663,Oncology
48623,Neurology
80572,Oncology
76784,Pediatrics
25810,Pediatrics
66686,Orthopedics
54596,Neurology
12426,Cardiology
18300,Pediatrics
17378,Cardiology
77200,Cardiology
71682,Oncology
76935,Cardiology
75342,Cardiology
83224,Neurology
58861,Orthopedics
54243,Pediatrics
61380,Pediatrics
17588,Oncology
33100,Neurology
92355,Cardiology
20298,Pediatrics
26287,Pediatrics
38000,Cardiology
63153,Pediatrics
22688,Neurology
85779,Orthopedics
44649,Cardiology
79216,Cardiology
79474,Orthopedics
66061,Orthopedics
75296,Cardiology
76970,Orthopedics
63040,Cardiology
81801,Oncology
98426,Orthopedics
29904,Orthopedics
24613,Pediatrics
48561,Oncology
40387,Pediatrics
57181,Neurology
38453,Orthopedics
70590,Cardiology
45576,Pediatrics
64802,Orthopedics
24402,Neurology
14818,Pediatrics
11020,Orthopedics
27478,Cardiology
82721,Oncology
80467,Oncology
34355,Orthopedics
77762,Orthopedics
43621,Neurology
86240,Neurology
98434,Oncology
67362,Pediatrics
96002,Orthopedics
91668,Pediatrics
62087,Orthopedics
23555,Pediatrics
22260,Oncology
52140,Oncology
72734,Oncology
14112,Orthopedics
80393,Neurology
44827,Pediatrics
22002,Pediatrics
93205,Pediatrics
23394,Oncology
61750,Neurology
84821,Pediatrics
46523,Pediatrics
35935,Neurology
91916,Cardiology
44524,Orthopedics
81104,Pediatrics
58259,Cardiology
30164,Oncology
55848,Oncology
11456,Neurology
93145,Cardiology
90660,Cardiology
54691,Orthopedics
66327,Neurology
59495,Cardiology
41025,Cardiology
42265,Neurology
18358,Neurology
80937,Orthopedics
25394,Neurology
66306,Pediatrics
86665,Neurology
18573,Cardiology
71921,Pediatrics
32092,Orthopedics
69344,Oncology
45908,Orthopedics
31793,Oncology
95357,Oncology
96287,Neurology
54761,Neurology
77430,Neurology
96560,Pediatrics
35198,Cardiology
56249,Neurology
22870,Pediatrics
60626,Oncology
95881,Orthopedics
34252,Orthopedics
81754,Neurology
42990,Neurology
35320,Pediatrics
76809,Cardiology
75579,Pediatrics
51668,Pediatrics
77521,Neurology
81042,Pediatrics
34933,Cardiology
52657,Oncology
65088,Cardiology
26540,Oncology
17156,Neurology
15392,Orthopedics
83666,Orthopedics
89516,Pediatrics
37149,Oncology
14446,Cardiology
60358,Orthopedics
35947,Cardiology
67190,Pediatrics
96292,Orthopedics
59535,Oncology
17675,Cardiology
90975,Neurology
86752,Cardiology
90836,Cardiology
20686,Oncology
71364,Oncology
53210,Cardiology
41341,Orthopedics
80529,Oncology
76325,Pediatrics
88855,Oncology
12487,Neurology
62416,Oncology
30084,Oncology
77286,Pediatrics
34193,Oncology
83131,Cardiology
19603,Cardiology
30158,Neurology
99831,Pediatrics
46670,Cardiology
80457,Pediatrics
30656,Oncology
32042,Neurology
92620,Oncology
96633,Pediatrics
34764,Pediatrics
44983,Orthopedics
23291,Neurology
71942,Cardiology
63601,Cardiology
88210,Cardiology
91559,Pediatrics
67499,Cardiology
33798,Orthopedics
26144,Pediatrics
75691,Pediatrics
34245,Cardiology
84410,Cardiology
83109,Cardiology
80072,Oncology
56005,Pediatrics
19757,Neurology
92031,Pediatrics
56714,Orthopedics
47388,Neurology
95173,Cardiology
14613,Cardiology
67470,Cardiology
68201,Pediatrics
22972,Oncology
61312,Pediatrics
56133,Oncology
43301,Oncology
58731,Cardiology
12501,Neurology
82643,Neurology
83963,Orthopedics
65429,Pediatrics
12246,Oncology
55369,Oncology
66706,Cardiology
44367,Cardiology
19161,Neurology
27225,Pediatrics
54948,Pediatrics
88730,Pediatrics
65873,Orthopedics
96200,Orthopedics
89687,Cardiology
41426,Pediatrics
20652,Cardiology
91828,Oncology
39491,Orthopedics
94389,Neurology
28620,Neurology
19566,Cardiology
38732,Orthopedics
19240,Pediatrics
76090,Pediatrics
50382,Neurology
91286,Oncology
57982,Oncology
87720,Neurology
98056,Neurology
23862,Cardiology
29363,Pediatrics
83699,Pediatrics
71204,Neurology
26658,Neurology
51798,Neurology
70475,Cardiology
61457,Oncology
74295,Pediatrics
88899,Orthopedics
82345,Oncology
85834,Pediatrics
34721,Cardiology
63655,Pediatrics
47669,Oncology
33378,Orthopedics
99954,Neurology
16331,Neurology
46950,Pediatrics
26893,Cardiology
30897,Oncology
58940,Pediatrics
74646,Orthopedics
22865,Oncology
53847,Pediatrics
25723,Orthopedics
56162,Pediatrics
88664,Pediatrics
90925,Cardiology
15079,Orthopedics
33595,Pediatrics
94756,Oncology
40381,Oncology
27931,Oncology
26261,Oncology
14360,Orthopedics
82096,Pediatrics
18978,Pediatrics
34955,Neurology
42143,Cardiology
89787,Oncology
87444,Orthopedics
58589,Oncology
80066,Oncology
38970,Orthopedics
21333,Oncology
64519,Cardiology
68077,Cardiology
47281,Neurology
64351,Cardiology
63570,Neurology
60962,Neurology
12416,Neurology
10490,Cardiology
30563,Orthopedics
98957,Orthopedics
77338,Oncology
40523,Cardiology
26931,Oncology
50339,Cardiology
96314,Pediatrics
83219,Oncology
39222,Pediatrics
92723,Cardiology
71447,Neurology
26698,Cardiology
82083,Orthopedics
79093,Orthopedics
42576,Pediatrics
76227,Orthopedics
46825,Oncology
81397,Orthopedics
35646,Oncology
15087,Orthopedics
62714,Pediatrics
83525,Oncology
89628,Orthopedics
72524,Pediatrics
74741,Cardiology
19592,Orthopedics
51326,Neurology
70937,Oncology
58416,Oncology
63610,Orthopedics
32656,Cardiology
99315,Orthopedics
84293,Pediatrics
88454,Oncology
43458,Orthopedics
98300,Oncology
31535,Pediatrics
78334,Orthopedics
81969,Cardiology
62124,Orthopedics
26005,Pediatrics
48504,Orthopedics
47497,Oncology
37219,Neurology
55955,Neurology
94077,Orthopedics
16166,Oncology
24011,Orthopedics
23636,Orthopedics
58699,Neurology
32654,Cardiology
23207,Neurology
57129,Orthopedics
79544,Cardiology
65029,Orthopedics
90847,Pediatrics
15798,Pediatrics
72614,Pediatrics
15707,Cardiology
10993,Orthopedics
83375,Pediatrics
76187,Oncology
23087,Oncology
23940,Oncology
41966,Pediatrics
29049,Orthopedics
30046,Neurology
91746,Neurology
56100,Oncology
95076,Pediatrics
41216,Cardiology
77368,Neurology
33909,Cardiology
82041,Orthopedics
92498,Cardiology
40662,Oncology
58797,Orthopedics
76976,Oncology
72545,Neurology
40924,Neurology
72068,Pediatrics
75225,Oncology
63394,Pediatrics
87901,Orthopedics
58230,Orthopedics
40403,Pediatrics
69725,Oncology
38362,Neurology
11187,Pediatrics
40748,Orthopedics
85933,Oncology
15649,Pediatrics
28673,Orthopedics
15637,Cardiology
30804,Oncology
13030,Pediatrics
15232,Neurology
62839,Neurology
24511,Orthopedics
58466,Pediatrics
83405,Oncology
91005,Cardiology
22841,Pediatrics
46416,Neurology
91286,Pediatrics
28142,Cardiology
59214,Oncology
94368,Oncology
72792,Neurology
28529,Pediatrics
34733,Neurology
12378,Cardiology
21218,Oncology
97950,Cardiology
23007,Neurology
37981,Oncology
45717,Pediatrics
11645,Neurology
90517,Cardiology
56030,Orthopedics
34854,Orthopedics
68941,Cardiology
83718,Pediatrics
46857,Oncology
66565,Oncology
84679,Oncology
64894,Neurology
84995,Pediatrics
87037,Pediatrics
41643,Pediatrics
32048,Cardiology
50335,Cardiology
37659,Orthopedics
44013,Oncology
24405,Neurology
19651,Oncology
55559,Cardiology
51349,Cardiology
93559,Neurology
62083,Cardiology
21251,Pediatrics
45200,Pediatrics
74474,Cardiology
54779,Pediatrics
12213,Oncology
15454,Cardiology
22044,Neurology
93743,Neurology
60653,Neurology
10998,Orthopedics
22717,Oncology
60566,Cardiology
45336,Cardiology
70684,Orthopedics
62299,Neurology
64228,Cardiology
21456,Orthopedics
17315,Neurology
74937,Pediatrics
84209,Orthopedics
70725,Cardiology
59335,Cardiology
75223,Cardiology
64800,Orthopedics
30203,Neurology
65225,Orthopedics
69910,Orthopedics
67393,Oncology
10979,Pediatrics
63922,Cardiology
57579,Neurology
17396,Orthopedics
11444,Orthopedics
50329,Neurology
54855,Neurology
74375,Oncology
35344,Pediatrics
64600,Pediatrics
93097,Oncology
69063,Neurology
83127,Oncology
74111,Pediatrics
28828,Oncology
28057,Neurology
71404,Oncology
23499,Orthopedics
51628,Neurology
10049,Neurology
57935,Neurology
15672,Pediatrics
87727,Oncology
43839,Oncology
27367,Pediatrics
65062,Neurology
64580,Pediatrics
96983,Cardiology
73773,Cardiology
42504,Oncology
64226,Orthopedics
70945,Pediatrics
96399,Cardiology
34720,Orthopedics
58462,Cardiology
94633,Neurology
43427,Neurology
89454,Cardiology
17654,Pediatrics
96208,Oncology
38322,Neurology
49379,Cardiology
75409,Oncology
67980,Pediatrics
77909,Cardiology
11830,Neurology
53180,Neurology
50916,Pediatrics
90883,Pediatrics
76238,Orthopedics
64157,Orthopedics
63496,Oncology
31582,Pediatrics
81240,Orthopedics
24952,Neurology
17055,Orthopedics
62615,Pediatrics
38132,Oncology
88026,Cardiology
25602,Pediatrics
80862,Pediatrics
85718,Oncology
10730,Cardiology
80802,Cardiology
55903,Cardiology
51914,Oncology
54689,Orthopedics
80316,Cardiology
61060,Cardiology
34916,Cardiology
43674,Pediatrics
51387,Oncology
11580,Oncology
81306,Orthopedics
51080,Oncology
42225,Oncology
76647,Orthopedics
33854,Orthopedics
62914,Cardiology
94685,Neurology
90526,Oncology
95095,Neurology
46989,Pediatrics
87717,Orthopedics
73329,Oncology
40911,Oncology
26429,Oncology
21866,Orthopedics
81509,Orthopedics
92690,Oncology
77183,Orthopedics
74943,Cardiology
39635,Orthopedics
78436,Cardiology
59006,Neurology
16639,Oncology
32368,Pediatrics
68835,Pediatrics
39811,Cardiology
92724,Cardiology
69534,Neurology
77282,Oncology
59067,Cardiology
42923,Pediatrics
10847,Pediatrics
51310,Cardiology
34459,Oncology
28709,Pediatrics
22336,Neurology
11381,Neurology
38350,Orthopedics
77794,Pediatrics
70015,Neurology
33049,Orthopedics
94144,Cardiology
16632,Oncology
97135,Oncology
89085,Pediatrics
87194,Pediatrics
60240,Pediatrics
53169,Orthopedics
25746,Pediatrics
71359,Oncology
14914,Oncology
80609,Cardiology
79981,Orthopedics
55958,Pediatrics
32231,Oncology
94607,Oncology
21081,Cardiology
20639,Orthopedics
17329,Oncology
88343,Cardiology
58742,Oncology
17179,Orthopedics
71794,Cardiology
91700,Orthopedics
56602,Pediatrics
10641,Cardiology
92887,Pediatrics
53709,Cardiology
19230,Orthopedics
32734,Orthopedics
87675,Oncology
28018,Orthopedics
60882,Orthopedics
83939,Orthopedics
19815,Neurology
68640,Neurology
68695,Oncology
40964,Orthopedics
29711,Neurology
55191,Pediatrics
60109,Cardiology
76252,Orthopedics
80516,Neurology
36040,Pediatrics
20976,Cardiology
81440,Orthopedics
79923,Neurology
91314,Cardiology
17740,Cardiology
52900,Neurology
13939,Pediatrics
11306,Neurology
75930,Neurology
93700,Orthopedics
85953,Cardiology
90359,Pediatrics
76720,Cardiology
64621,Neurology
74074,Cardiology
36129,Oncology
99228,Oncology
66748,Orthopedics
83203,Orthopedics
23438,Orthopedics
19738,Pediatrics
88559,Neurology
44283,Orthopedics
68551,Orthopedics
54933,Neurology
64893,Neurology
20086,Cardiology
69220,Cardiology
19800,Orthopedics
15033,Pediatrics
13615,Cardiology
15210,Neurology
97259,Pediatrics
93074,Cardiology
67248,Pediatrics
95191,Orthopedics
34368,Cardiology
26268,Pediatrics
81849,Oncology
10505,Oncology
33948,Cardiology
30352,Pediatrics
10657,Neurology
61829,Cardiology
45282,Pediatrics
45531,Orthopedics
90709,Oncology
21033,Pediatrics
36912,Pediatrics
65685,Oncology
49183,Orthopedics
63314,Oncology
72514,Pediatrics
95352,Pediatrics
58892,Pediatrics
36125,Oncology
87655,Oncology
43143,Neurology
54578,Pediatrics
68127,Cardiology
24885,Neurology
53891,Oncology
71199,Pediatrics
37406,Pediatrics
69530,Orthopedics
27376,Neurology
17617,Orthopedics
47729,Orthopedics
23093,Pediatrics
13320,Oncology
33927,Cardiology
11366,Orthopedics
84794,Pediatrics
54923,Pediatrics
85056,Neurology
41264,Oncology
66310,Orthopedics
51852,Oncology
69067,Cardiology
23117,Cardiology
31171,Pediatrics
98964,Pediatrics
38689,Cardiology
62837,Pediatrics
27354,Orthopedics
17063,Oncology
85103,Neurology
69186,Cardiology
38858,Neurology
41263,Neurology
39198,Pediatrics
33445,Cardiology
63094,Oncology
39494,Oncology
47865,Orthopedics
60247,Oncology
38426,Cardiology
12087,Neurology
93605,Cardiology
95739,Neurology
12861,Pediatrics
67044,Orthopedics
95000,Neurology
59984,Neurology
98939,Orthopedics
26591,Oncology
35133,Cardiology
59454,Orthopedics
34330,Pediatrics
16575,Pediatrics
26186,Cardiology
32063,Cardiology
44731,Neurology
16332,Cardiology
68274,Oncology
10174,Pediatrics
47046,Orthopedics
15044,Oncology
82858,Cardiology
42782,Neurology
36578,Oncology
16795,Neurology
22518,Neurology
46155,Cardiology
29911,Neurology
72623,Neurology
37591,Neurology
52239,Pediatrics
23294,Pediatrics
46125,Oncology
68566,Neurology
30840,Orthopedics
97923,Orthopedics
16018,Oncology
54033,Cardiology
85575,Orthopedics
92306,Neurology
13401,Neurology
23873,Oncology
15196,Neurology
14393,Oncology
39206,Pediatrics
33256,Cardiology
89924,Neurology
51108,Orthopedics
19755,Pediatrics
82511,Oncology
48501,Cardiology
57064,Orthopedics
24177,Pediatrics
12096,Neurology
30606,Cardiology
44817,Pediatrics
14229,Oncology
84641,Cardiology
30666,Cardiology
64091,Orthopedics
54072,Neurology
13075,Pediatrics
61075,Orthopedics
82870,Orthopedics
29447,Orthopedics
61973,Pediatrics
97199,Oncology
81963,Neurology
91003,Neurology
90237,Neurology
21737,Pediatrics
54220,Cardiology
19558,Neurology
18349,Orthopedics
64860,Cardiology
72149,Cardiology
63835,Orthopedics
86523,Pediatrics
82410,Oncology
71621,Neurology
48005,Cardiology
30665,Orthopedics
97188,Oncology
46879,Pediatrics
65046,Orthopedics
80138,Orthopedics
83868,Neurology
53807,Neurology
86702,Orthopedics
75511,Pediatrics
29926,Cardiology
68927,Neurology
70964,Pediatrics
83494,Pediatrics
79084,Pediatrics
72026,Pediatrics
39482,Neurology
71484,Orthopedics
49120,Oncology
84093,Cardiology
10922,Cardiology
30243,Pediatrics
15731,Pediatrics
84510,Oncology
23011,Cardiology
47885,Pediatrics
63812,Orthopedics
35377,Oncology
59186,Oncology
68292,Orthopedics
78394,Cardiology
23970,Oncology
59959,Pediatrics
16208,Cardiology
62817,Cardiology
78559,Cardiology
86085,Neurology
82783,Cardiology
55815,Oncology
50917,Orthopedics
44901,Oncology
27419,Pediatrics
59518,Oncology
43643,Neurology
57779,Cardiology
79669,Orthopedics
85987,Orthopedics
17067,Neurology
93550,Neurology
67943,Neurology
77375,Pediatrics
57552,Neurology
94368,Orthopedics
13201,Neurology
13451,Cardiology
46550,Orthopedics
93884,Oncology
63784,Oncology
31374,Neurology
56502,Oncology
98420,Orthopedics
54851,Orthopedics
88468,Pediatrics
76321,Neurology
45245,Neurology
57684,Cardiology
69786,Cardiology
87927,Cardiology
35157,Pediatrics
74776,Oncology
88783,Pediatrics
60201,Neurology
72112,Pediatrics
77889,Oncology
14504,Orthopedics
19437,Orthopedics
76588,Cardiology
90831,Orthopedics
95909,Orthopedics
80935,Cardiology
36197,Cardiology
48468,Neurology
73803,Pediatrics
88873,Cardiology
99637,Orthopedics
83525,Orthopedics
81391,Oncology
43652,Cardiology
13926,Cardiology
50570,Orthopedics
13800,Orthopedics
51650,Pediatrics
91844,Cardiology
46127,Oncology
24133,Oncology
70779,Cardiology
80509,Cardiology
83466,Oncology
41945,Neurology
41790,Neurology
98122,Neurology
21479,Oncology
65368,Neurology
91251,Pediatrics
14417,Orthopedics
62953,Oncology
63192,Orthopedics
27709,Orthopedics
42881,Pediatrics
16148,Cardiology
60018,Oncology
86909,Pediatrics
72087,Cardiology
13736,Neurology
24466,Pediatrics
18253,Cardiology
30091,Orthopedics
71332,Oncology
76144,Pediatrics
62272,Pediatrics
66663,Pediatrics
16569,Orthopedics
77332,Oncology
18348,Oncology
74971,Oncology
15158,Oncology
11670,Pediatrics
63973,Orthopedics
41360,Pediatrics
19272,Neurology
62466,Cardiology
57298,Neurology
16286,Cardiology
75624,Oncology
30023,Cardiology
61919,Neurology
65254,Neurology
69130,Cardiology
16626,Orthopedics
85108,Pediatrics
13021,Cardiology
23622,Cardiology
31243,Orthopedics
87592,Pediatrics
11638,Oncology
45374,Neurology
53387,Neurology
90238,Neurology
10931,Cardiology
14958,Neurology
88626,Neurology
75593,Pediatrics
63107,Pediatrics
21654,Cardiology
58587,Pediatrics
17285,Oncology
32568,Neurology
53573,Oncology
18676,Oncology
72469,Neurology
76840,Pediatrics
99588,Orthopedics
25768,Neurology
88929,Oncology
31556,Orthopedics
29538,Oncology
61893,Orthopedics
43683,Pediatrics
79646,Oncology
98478,Cardiology
75962,Pediatrics
68006,Oncology
76123,Pediatrics
26916,Orthopedics
72511,Cardiology
21147,Cardiology
85029,Cardiology
21669,Neurology
76980,Cardiology
94282,Cardiology
64497,Oncology
65894,Orthopedics
28560,Pediatrics
41258,Orthopedics
15126,Oncology
32380,Orthopedics
26578,Orthopedics
19856,Cardiology
15251,Cardiology
70304,Cardiology
66268,Oncology
23311,Cardiology
47377,Neurology
27353,Orthopedics
34167,Oncology
15928,Orthopedics
51422,Neurology
47088,Orthopedics
18265,Oncology
22089,Neurology
74734,Orthopedics
28664,Cardiology
63373,Oncology
29620,Neurology
76645,Neurology
88726,Pediatrics
45769,Orthopedics
45783,Cardiology
95841,Neurology
71998,Pediatrics
80074,Pediatrics
45718,Neurology
41321,Pediatrics
91922,Oncology
24512,Orthopedics
17285,Neurology
47953,Neurology
57026,Orthopedics
89428,Oncology
62604,Cardiology
74979,Neurology
40258,Neurology
85101,Neurology
12537,Neurology
29043,Cardiology
75837,Oncology
66255,Oncology
12705,Cardiology
16054,Pediatrics
17922,Oncology
49629,Pediatrics
29561,Orthopedics
71839,Oncology
99885,Oncology
54153,Pediatrics
66062,Pediatrics
67285,Oncology
54372,Oncology
33159,Oncology
39175,Pediatrics
83110,Oncology
39509,Pediatrics
55708,Orthopedics
84394,Pediatrics
37268,Pediatrics
90148,Cardiology
23243,Neurology
52367,Oncology
91488,Pediatrics
83709,Oncology
61905,Cardiology
46876,Neurology
99045,Pediatrics
20096,Cardiology
19211,Cardiology
30831,Cardiology
45519,Orthopedics
11386,Pediatrics
25666,Oncology
76078,Oncology
50345,Orthopedics
60461,Oncology
39044,Orthopedics
97863,Oncology
33854,Orthopedics
36330,Oncology
14471,Pediatrics
35993,Cardiology
29375,Pediatrics
84947,Orthopedics
73623,Oncology
48499,Orthopedics
49895,Neurology
63792,Cardiology
87311,Oncology
33182,Neurology
30208,Neurology
51128,Orthopedics
23996,Cardiology
72040,Cardiology
51205,Pediatrics
25981,Oncology
24387,Pediatrics
30800,Cardiology
88802,Neurology
83559,Cardiology
96377,Oncology
90761,Cardiology
32674,Pediatrics
71301,Oncology
24847,Orthopedics
75089,Orthopedics
64567,Orthopedics
34369,Neurology
60315,Neurology
81450,Oncology
71707,Pediatrics
88459,Cardiology
36659,Pediatrics
92672,Pediatrics
58855,Orthopedics
81914,Pediatrics
74177,Oncology
84909,Pediatrics
43626,Oncology
49161,Neurology
58857,Pediatrics
70872,Neurology
57213,Neurology
46618,Cardiology
16209,Neurology
73017,Neurology
71863,Neurology
34860,Oncology
63928,Orthopedics
58912,Cardiology
54582,Oncology
72448,Orthopedics
99214,Cardiology
67565,Orthopedics
42731,Oncology
60202,Cardiology
51438,Cardiology
69354,Pediatrics
33965,Cardiology
93452,Pediatrics
73043,Orthopedics
34630,Pediatrics
95006,Neurology
48447,Orthopedics
62876,Cardiology
73008,Orthopedics
69565,Cardiology
51105,Cardiology
28477,Orthopedics
12174,Neurology
99909,Neurology
77064,Orthopedics
99815,Orthopedics
85809,Oncology
31386,Oncology
22722,Pediatrics
18880,Neurology
58748,Cardiology
97158,Orthopedics
43619,Cardiology
48296,Orthopedics
26258,Oncology
99157,Pediatrics
15645,Neurology
90598,Cardiology
23798,Pediatrics
34496,Neurology
93050,Pediatrics
93151,Neurology
96309,Cardiology
37935,Pediatrics
37388,Orthopedics
70623,Orthopedics
70196,Orthopedics
57064,Oncology
22627,Pediatrics
55281,Oncology
54291,Oncology
89319,Neurology
44632,Oncology
58011,Oncology
68012,Cardiology
11536,Cardiology
33208,Cardiology
31948,Oncology
62615,Neurology
87347,Cardiology
78282,Cardiology
88960,Cardiology
67248,Neurology
59359,Pediatrics
74099,Pediatrics
17781,Cardiology
14210,Cardiology
53486,Orthopedics
44438,Cardiology
55885,Orthopedics
64163,Pediatrics
43325,Orthopedics
70222,Pediatrics
48645,Oncology
14724,Pediatrics
54235,Oncology
14025,Oncology
80193,Neurology
11618,Oncology
16896,Pediatrics
36938,Oncology
20464,Oncology
44469,Cardiology
17457,Oncology
90428,Pediatrics
21563,Pediatrics
35779,Cardiology
51246,Neurology
43729,Pediatrics
56151,Orthopedics
48286,Neurology
11193,Pediatrics
71824,Pediatrics
95734,Neurology
57220,Oncology
94403,Cardiology
78730,Neurology
52928,Orthopedics
19101,Orthopedics
53644,Pediatrics
70317,Neurology
80760,Orthopedics
77714,Neurology
90351,Cardiology
72067,Neurology
16569,Oncology
76529,Pediatrics
43099,Orthopedics
31952,Cardiology
21540,Orthopedics
31676,Orthopedics
57376,Pediatrics
79939,Cardiology
44020,Orthopedics
37643,Cardiology
86376,Orthopedics
43580,Pediatrics
82520,Orthopedics
20456,Pediatrics
12431,Cardiology
37733,Cardiology
78609,Orthopedics
40355,Cardiology
59227,Orthopedics
63657,Cardiology
89539,Orthopedics
90474,Orthopedics
53144,Orthopedics
14938,Pediatrics
91292,Oncology
26591,Pediatrics
61301,Neurology
88715,Oncology
91744,Neurology
98800,Neurology
20124,Oncology
43053,Neurology
48833,Cardiology
46324,Pediatrics
28719,Pediatrics
23163,Oncology
25760,Neurology
21280,Orthopedics
13679,Orthopedics
53282,Oncology
60071,Pediatrics
83148,Neurology
24050,Cardiology
92274,Cardiology
53469,Orthopedics
17991,Cardiology
21497,Neurology
11749,Cardiology
92068,Orthopedics
10815,Pediatrics
90401,Oncology
24978,Oncology
50706,Cardiology
37397,Neurology
99480,Neurology
84050,Oncology
46679,Orthopedics
30193,Neurology
64225,Neurology
62737,Neurology
99809,Oncology
94119,Neurology
85521,Oncology
77083,Neurology
19899,Cardiology
48797,Orthopedics
55061,Pediatrics
64307,Oncology
82375,Cardiology
48046,Pediatrics
95378,Neurology
30469,Neurology
95561,Oncology
88147,Oncology
25210,Neurology
76209,Pediatrics
80969,Neurology
13126,Cardiology
63669,Pediatrics
81080,Oncology
34642,Neurology
31866,Oncology
37731,Cardiology
55332,Neurology
11431,Pediatrics
95234,Pediatrics
48957,Oncology
69833,Orthopedics
55802,Pediatrics
18424,Cardiology
51048,Neurology
34025,Neurology
57051,Neurology
30240,Neurology
13428,Orthopedics
22987,Oncology
73758,Cardiology
70511,Neurology
49011,Neurology
72488,Neurology
19177,Oncology
45955,Pediatrics
97310,Pediatrics
53051,Oncology
67779,Cardiology
45459,Orthopedics
73793,Cardiology
13230,Oncology
30066,Pediatrics
80763,Neurology
55255,Pediatrics
75523,Cardiology
94223,Cardiology
28522,Orthopedics
16024,Oncology
38975,Cardiology
87658,Orthopedics
90597,Orthopedics
68893,Neurology
21592,Pediatrics
46390,Cardiology
46421,Oncology
54660,Orthopedics
44442,Cardiology
75479,Orthopedics
17751,Neurology
20089,Pediatrics
80996,Cardiology
24800,Cardiology
37449,Pediatrics
98257,Cardiology
70141,Neurology
32046,Neurology
19284,Pediatrics
66144,Pediatrics
56207,Oncology
63450,Cardiology
90376,Cardiology
71174,Cardiology
61701,Oncology
24234,Oncology
24323,Cardiology
44903,Oncology
14709,Oncology
60160,Orthopedics
49558,Cardiology
36572,Orthopedics
97943,Oncology
16045,Pediatrics
29233,Neurology
27241,Orthopedics
19089,Oncology
24747,Pediatrics
34289,Oncology
84861,Orthopedics
68577,Neurology
11327,Oncology
31787,Pediatrics
29962,Pediatrics
22174,Oncology
14277,Cardiology
77618,Cardiology
80253,Pediatrics
28216,Neurology
14414,Pediatrics
77635,Orthopedics
86536,Pediatrics
51736,Cardiology
15354,Pediatrics
21252,Oncology
62649,Pediatrics
62104,Pediatrics
76543,Oncology
37165,Pediatrics
78940,Neurology
39434,Pediatrics
40014,Orthopedics
43439,Pediatrics
64779,Neurology
70524,Oncology
75812,Neurology
50641,Cardiology
42438,Orthopedics
98069,Oncology
30581,Oncology
50882,Cardiology
26069,Pediatrics
42758,Orthopedics
20515,Cardiology
10457,Pediatrics
29532,Oncology
16055,Oncology
85206,Cardiology
96606,Oncology
76119,Neurology
22893,Pediatrics
93818,Orthopedics
29217,Pediatrics
95951,Orthopedics
11887,Neurology
97833,Cardiology
76643,Neurology
62355,Oncology
88443,Orthopedics
20786,Cardiology
62275,Pediatrics
35015,Cardiology
81141,Neurology
85175,Oncology
56984,Neurology
20663,Neurology
66961,Cardiology
25491,Neurology
98422,Cardiology
43819,Orthopedics
51118,Pediatrics
52439,Oncology
14819,Oncology
46539,Orthopedics
92582,Neurology
79823,Neurology
70463,Oncology
15438,Oncology
66839,Cardiology
51479,Orthopedics
37083,Pediatrics
56516,Cardiology
49884,Pediatrics
61600,Neurology
70357,Neurology
14535,Oncology
60430,Orthopedics
69112,Cardiology
27940,Pediatrics
11520,Oncology
13719,Pediatrics
23194,Oncology
53661,Pediatrics
55040,Neurology
22293,Oncology
13410,Orthopedics
85353,Pediatrics
77627,Neurology
65641,Cardiology
52879,Oncology
47447,Orthopedics
16488,Neurology
42870,Orthopedics
99039,Pediatrics
32389,Oncology
30830,Pediatrics
30934,Cardiology
78267,Neurology
99399,Orthopedics
42087,Pediatrics
90702,Oncology
44204,Pediatrics
40050,Neurology
82582,Cardiology
29540,Pediatrics
96159,Neurology
99785,Oncology
70480,Neurology
56649,Orthopedics
72168,Cardiology
20491,Oncology
74288,Cardiology
84233,Cardiology
62306,Orthopedics
62905,Oncology
71692,Neurology
80207,Orthopedics
52145,Cardiology
59132,Oncology
85777,Orthopedics
54285,Oncology
94309,Orthopedics
65622,Pediatrics
49649,Orthopedics
95857,Neurology
72470,Cardiology
59189,Oncology
69960,Pediatrics
82723,Cardiology
81344,Orthopedics
60098,Neurology
48891,Orthopedics
23379,Cardiology
96966,Orthopedics
52997,Oncology
48360,Orthopedics
59963,Pediatrics
54466,Cardiology
36468,Pediatrics
87194,Orthopedics
19251,Oncology
95062,Neurology
72850,Oncology
21798,Orthopedics
17341,Orthopedics
77046,Neurology
36004,Orthopedics
27256,Neurology
83372,Cardiology
15187,Oncology
98693,Neurology
14065,Orthopedics
29783,Pediatrics
86202,Neurology
22757,Oncology
57620,Cardiology
40192,Pediatrics
99176,Oncology
29286,Orthopedics
48717,Cardiology
64497,Pediatrics
80568,Orthopedics
42837,Neurology
68601,Neurology
99127,Oncology
34376,Pediatrics
32035,Cardiology
17162,Pediatrics
55012,Neurology
76144,Pediatrics
92787,Neurology
21832,Neurology
95404,Orthopedics
52553,Neurology
57418,Pediatrics
55667,Pediatrics
61631,Orthopedics
57679,Neurology
37380,Pediatrics
84182,Orthopedics
79454,Oncology
61926,Neurology
62049,Pediatrics
40354,Cardiology
68652,Pediatrics
52397,Pediatrics
11611,Oncology
55758,Cardiology
72165,Oncology
60385,Oncology
52730,Cardiology
30783,Orthopedics
44851,Oncology
83519,Oncology
10202,Cardiology
36674,Pediatrics
79872,Neurology
14323,Neurology
51105,Pediatrics
64775,Cardiology
32483,Neurology
65147,Neurology
16134,Pediatrics
93804,Orthopedics
56162,Orthopedics
75460,Pediatrics
18326,Oncology
56614,Oncology
31578,Oncology
85937,Pediatrics
19143,Neurology
34803,Cardiology
46200,Orthopedics
37607,Cardiology
24246,Neurology
83077,Cardiology
40166,Oncology
87742,Oncology
84338,Neurology
68445,Orthopedics
96097,Cardiology
21609,Oncology
93410,Orthopedics
85702,Orthopedics
23188,Cardiology
64748,Oncology
97681,Cardiology
64637,Oncology
63484,Neurology
79851,Neurology
93494,Oncology
46563,Oncology
49565,Neurology
89018,Neurology
63374,Cardiology
31065,Neurology
81813,Neurology
36573,Orthopedics
37581,Neurology
68678,Oncology
60880,Oncology
15278,Neurology
99393,Oncology
65971,Oncology
28785,Cardiology
89379,Neurology
85834,Orthopedics
78906,Cardiology
63108,Cardiology
19550,Orthopedics
38373,Orthopedics
99842,Cardiology
47805,Orthopedics
93986,Orthopedics
28213,Cardiology
24635,Orthopedics
28631,Pediatrics
93040,Neurology
62648,Oncology
75982,Pediatrics
76075,Orthopedics
36229,Orthopedics
43074,Pediatrics
31016,Orthopedics
87625,Cardiology
91530,Pediatrics
24598,Pediatrics
37507,Cardiology
46455,Neurology
47731,Oncology
36469,Orthopedics
13628,Cardiology
44029,Oncology
58051,Cardiology
87216,Oncology
32160,Oncology
47300,Cardiology
85999,Oncology
89404,Oncology
33059,Cardiology
24251,Cardiology
56962,Cardiology
98934,Cardiology
63672,Oncology
57795,Pediatrics
46592,Pediatrics
20428,Neurology
79727,Oncology
26000,Oncology
79847,Neurology
37893,Neurology
32074,Pediatrics
22185,Pediatrics
13928,Oncology
76349,Orthopedics
67852,Pediatrics
44981,Cardiology
46711,Oncology
43954,Neurology
29563,Oncology
41357,Neurology
50054,Cardiology
52842,Pediatrics
37402,Neurology
54797,Orthopedics
74457,Cardiology
52884,Oncology
87559,Neurology
13233,Pediatrics
22630,Orthopedics
25243,Neurology
10179,Oncology
76021,Pediatrics
36347,Oncology
60090,Cardiology
74500,Oncology
83223,Pediatrics
21539,Cardiology
26719,Neurology
15349,Orthopedics
51522,Orthopedics
26272,Neurology
79308,Neurology
82941,Neurology
57136,Neurology
22300,Neurology
87090,Oncology
37915,Oncology
84134,Neurology
40289,Cardiology
46574,Cardiology
50372,Oncology
92375,Cardiology
28433,Cardiology
14888,Neurology
15326,Cardiology
67693,Neurology
69842,Oncology
46933,Oncology
45098,Cardiology
87025,Pediatrics
74117,Cardiology
37888,Pediatrics
69861,Oncology
57039,Cardiology
56730,Pediatrics
60180,Oncology
16699,Pediatrics
35073,Orthopedics
61681,Cardiology
72672,Neurology
80802,Orthopedics
80380,Orthopedics
93674,Oncology
97688,Neurology
44821,Neurology
91205,Oncology
43818,Cardiology
63331,Orthopedics
58821,Orthopedics
91554,Neurology
71619,Cardiology
73013,Orthopedics
78952,Pediatrics
30072,Orthopedics
87575,Oncology
45831,Neurology
93887,Oncology
23313,Cardiology
52726,Pediatrics
25824,Neurology
29740,Orthopedics
12160,Oncology
65143,Neurology
19782,Orthopedics
37591,Orthopedics
70747,Neurology
34163,Orthopedics
32567,Orthopedics
60297,Oncology
24287,Oncology
46303,Oncology
85005,Cardiology
73441,Cardiology
96010,Pediatrics
60526,Pediatrics
23763,Orthopedics
75350,Pediatrics
40100,Pediatrics
41189,Neurology
38114,Cardiology
58999,Orthopedics
29288,Oncology
72406,Pediatrics
62347,Oncology
57633,Orthopedics
57858,Pediatrics
40502,Oncology
81310,Pediatrics
24886,Neurology
36409,Pediatrics
15926,Neurology
13779,Orthopedics
14618,Oncology
73429,Neurology
37053,Oncology
20652,Neurology
43468,Orthopedics
46528,Pediatrics
27551,Pediatrics
52258,Oncology
87683,Oncology
38023,Cardiology
92526,Orthopedics
98132,Orthopedics
61220,Pediatrics
45447,Neurology
22496,Orthopedics
74327,Neurology
22530,Orthopedics
23278,Oncology
21233,Cardiology
51661,Orthopedics
58409,Orthopedics
35414,Cardiology
78747,Oncology
73761,Cardiology
41496,Oncology
39234,Neurology
28163,Oncology
38673,Cardiology
52212,Neurology
12757,Orthopedics
58075,Cardiology
80732,Pediatrics
90554,Cardiology
84350,Neurology
28579,Oncology
71112,Neurology
12236,Oncology
42159,Pediatrics
71128,Orthopedics
66039,Pediatrics
49429,Oncology
58263,Oncology
27276,Oncology
35357,Oncology
89457,Orthopedics
64010,Oncology
86306,Neurology
18906,Orthopedics
79575,Neurology
96539,Cardiology
95985,Orthopedics
96164,Oncology
22270,Oncology
88869,Cardiology
33397,Cardiology
28015,Orthopedics
72799,Cardiology
82379,Neurology
79689,Cardiology
53186,Neurology
64481,Orthopedics
81305,Pediatrics
48786,Pediatrics
75893,Orthopedics
75108,Cardiology
79963,Cardiology
35039,Cardiology
77928,Oncology
41498,Pediatrics
26491,Pediatrics
65071,Orthopedics
93595,Orthopedics
42672,Cardiology
84701,Neurology
23868,Pediatrics
15271,Orthopedics
68064,Orthopedics
74634,Pediatrics
66383,Pediatrics
81324,Pediatrics
20206,Cardiology
15743,Oncology
92875,Neurology
69107,Cardiology
13954,Cardiology
38903,Orthopedics
77297,Cardiology
66709,Cardiology
16188,Oncology
56978,Orthopedics
78372,Oncology
49905,Oncology
17540,Neurology
47071,Oncology
52900,Pediatrics
70270,Pediatrics
29386,Oncology
98768,Neurology
74731,Pediatrics
52610,Neurology
12551,Pediatrics
25766,Cardiology
74851,Pediatrics
62511,Pediatrics
73762,Neurology
91735,Orthopedics
23833,Oncology
30535,Cardiology
48240,Neurology
86250,Orthopedics
19660,Pediatrics
16623,Pediatrics
35574,Neurology
43994,Orthopedics
23988,Cardiology
82338,Cardiology
36666,Pediatrics
81925,Neurology
69457,Neurology
27794,Pediatrics
14988,Cardiology
76104,Cardiology
79762,Oncology
72545,Pediatrics
42046,Neurology
21386,Cardiology
40197,Neurology
53371,Orthopedics
25030,Neurology
39333,Neurology
29417,Pediatrics
77941,Oncology
68984,Oncology
36390,Neurology
39305,Orthopedics
19531,Oncology
58032,Orthopedics
58712,Cardiology
30027,Cardiology
79386,Orthopedics
73477,Oncology
15484,Cardiology
24372,Pediatrics
13824,Pediatrics
87937,Neurology
11474,Pediatrics
54603,Cardiology
58740,Pediatrics
34625,Pediatrics
78154,Cardiology
71110,Neurology
93682,Cardiology
27030,Cardiology
74573,Cardiology
93565,Neurology
63999,Neurology
53980,Pediatrics
93370,Orthopedics
61188,Cardiology
77799,Cardiology
42122,Orthopedics
83921,Oncology
59284,Oncology
36501,Orthopedics
82798,Cardiology
72048,Cardiology
96162,Oncology
13480,Cardiology
92767,Oncology
89957,Orthopedics
99278,Cardiology
86072,Pediatrics
25156,Pediatrics
68872,Pediatrics
17173,Pediatrics
37772,Oncology
68883,Neurology
71855,Orthopedics
52254,Cardiology
63690,Neurology
92262,Pediatrics
39770,Neurology
63637,Pediatrics
73798,Neurology
81203,Pediatrics
73002,Oncology
81714,Oncology
20174,Orthopedics
38276,Orthopedics
87517,Neurology
83193,Neurology
12502,Cardiology
80501,Pediatrics
95164,Pediatrics
52630,Cardiology
92296,Cardiology
51916,Oncology
13499,Cardiology
50794,Oncology
93234,Neurology
11250,Orthopedics
16622,Cardiology
64458,Pediatrics
12619,Pediatrics
76199,Cardiology
73310,Orthopedics
60816,Oncology
97895,Cardiology
32063,Orthopedics
36998,Pediatrics
14198,Pediatrics
22520,Neurology
16687,Orthopedics
79277,Pediatrics
62905,Pediatrics
56120,Oncology
14143,Orthopedics
82601,Pediatrics
57059,Neurology
34192,Neurology
22957,Pediatrics
89132,Orthopedics
77666,Orthopedics
35734,Neurology
96661,Oncology
61320,Cardiology
57507,Oncology
86104,Oncology
48639,Cardiology
64157,Neurology
51248,Pediatrics
32346,Oncology
56975,Pediatrics
86729,Oncology
57266,Neurology
74886,Pediatrics
35733,Pediatrics
56439,Orthopedics
40033,Pediatrics
97033,Oncology
11497,Neurology
97879,Cardiology
56444,Pediatrics
30967,Orthopedics
27885,Oncology
43790,Cardiology
83625,Orthopedics
75313,Neurology
49184,Neurology
99152,Oncology
27117,Neurology
57311,Pediatrics
67821,Orthopedics
95315,Oncology
92864,Neurology
78644,Pediatrics
54542,Neurology
69090,Pediatrics
91779,Oncology
29920,Cardiology
34920,Neurology
89726,Oncology
28922,Cardiology
98496,Orthopedics
48412,Neurology
86416,Orthopedics
72160,Cardiology
11612,Pediatrics
77273,Neurology
89095,Oncology
28731,Pediatrics
50126,Oncology
93062,Cardiology
30713,Oncology
13549,Neurology
79809,Pediatrics
81035,Orthopedics
52324,Cardiology
83002,Oncology
77246,Oncology
15728,Orthopedics
65555,Orthopedics
70783,Pediatrics
76074,Cardiology
57182,Neurology
69501,Oncology
18427,Neurology
57616,Oncology
28967,Neurology
13848,Neurology
75885,Neurology
63279,Neurology
87447,Neurology
42022,Cardiology
41022,Orthopedics
10976,Cardiology
79019,Cardiology
86002,Cardiology
36254,Neurology
33879,Pediatrics
23102,Cardiology
66492,Neurology
45849,Cardiology
37742,Cardiology
20476,Orthopedics
79291,Cardiology
76751,Neurology
60199,Oncology
60858,Cardiology
27690,Orthopedics
30001,Pediatrics
26076,Neurology
43954,Orthopedics
74216,Pediatrics
29524,Orthopedics
54991,Pediatrics
43248,Pediatrics
30198,Cardiology
82108,Oncology
12103,Orthopedics
31955,Oncology
69048,Neurology
74616,Orthopedics
68333,Orthopedics
26646,Neurology
43951,Neurology
14599,Neurology
75750,Pediatrics
75484,Oncology
59806,Oncology
78558,Cardiology
71715,Pediatrics
11847,Orthopedics
63645,Neurology
13832,Orthopedics
32872,Cardiology
29956,Pediatrics
54118,Neurology
83481,Cardiology
16559,Orthopedics
20965,Oncology
73506,Oncology
54392,Oncology
44499,Cardiology
24114,Neurology
30372,Neurology
43715,Neurology
42533,Oncology
32119,Neurology
52824,Oncology
50044,Neurology
44992,Neurology
60833,Pediatrics
94556,Neurology
38260,Orthopedics
83937,Orthopedics
66219,Cardiology
67246,Cardiology
29890,Oncology
21669,Orthopedics
44459,Neurology
67431,Pediatrics
75711,Oncology
95397,Neurology
45281,Pediatrics
76295,Cardiology
22235,Pediatrics
14800,Orthopedics
16624,Oncology
46569,Oncology
17800,Cardiology
22653,Neurology
33914,Orthopedics
41734,Pediatrics
35376,Pediatrics
17095,Pediatrics
88128,Neurology
77950,Oncology
73074,Oncology
11547,Orthopedics
94633,Pediatrics
22104,Cardiology
76222,Orthopedics
19570,Neurology
91473,Orthopedics
70462,Cardiology
67007,Pediatrics
75204,Oncology
75497,Oncology
81306,Orthopedics
54883,Neurology
26910,Cardiology
52840,Orthopedics
39814,Neurology
37678,Orthopedics
65041,Oncology
12660,Pediatrics
54265,Orthopedics
94652,Cardiology
93360,Pediatrics
74839,Neurology
35510,Pediatrics
78072,Oncology
35951,Cardiology
49543,Cardiology
39652,Cardiology
35118,Cardiology
44504,Pediatrics
70125,Orthopedics
23432,Neurology
34035,Pediatrics
70985,Pediatrics
47028,Neurology
40286,Pediatrics
36187,Oncology
45414,Neurology
12320,Neurology
72253,Pediatrics
83605,Pediatrics
50963,Neurology
78541,Neurology
98300,Oncology
40627,Pediatrics
86572,Orthopedics
56407,Orthopedics
64581,Cardiology
20149,Oncology
83477,Neurology
56622,Orthopedics
91878,Orthopedics
62675,Neurology
42954,Oncology
93910,Orthopedics
95468,Oncology
28288,Cardiology
61710,Pediatrics
63601,Cardiology
78109,Cardiology
10630,Cardiology
90784,Oncology
77743,Neurology
47269,Cardiology
35320,Orthopedics
54985,Orthopedics
88249,Oncology
44249,Oncology
73924,Neurology
49839,Neurology
61712,Orthopedics
68280,Oncology
75381,Pediatrics
59536,Neurology
58981,Orthopedics
61406,Pediatrics
58078,Orthopedics
79640,Orthopedics
75556,Pediatrics
25652,Cardiology
16498,Oncology
51602,Cardiology
25338,Orthopedics
15735,Orthopedics
68674,Neurology
69087,Neurology
69961,Oncology
92615,Cardiology
23526,Oncology
63792,Cardiology
16580,Oncology
50073,Orthopedics
49203,Cardiology
20841,Pediatrics
86296,Orthopedics
50253,Cardiology
78699,Orthopedics
19445,Neurology
39540,Neurology
63803,Neurology
21982,Neurology
36099,Orthopedics
52366,Orthopedics
67087,Oncology
28409,Orthopedics
96554,Orthopedics
88536,Cardiology
30940,Oncology
33938,Cardiology
99016,Cardiology
34401,Neurology
18576,Pediatrics
33185,Neurology
80683,Orthopedics
41563,Orthopedics
63360,Pediatrics
38448,Neurology
35631,Neurology
96107,Orthopedics
91430,Cardiology
64114,Cardiology
86178,Cardiology
77607,Cardiology
37972,Orthopedics
41264,Cardiology
17763,Neurology
90954,Neurology
23450,Neurology
45224,Orthopedics
55344,Oncology
79473,Oncology
52418,Neurology
24755,Neurology
68712,Neurology
79660,Neurology
21533,Cardiology
97735,Neurology
91418,Cardiology
39617,Neurology
94353,Neurology
21216,Cardiology
85881,Neurology
13060,Orthopedics
98833,Oncology
78229,Cardiology
63459,Pediatrics
40053,Neurology
37373,Orthopedics
84240,Neurology
49779,Pediatrics
71164,Cardiology
36595,Orthopedics
10072,Pediatrics
35210,Pediatrics
35920,Oncology
39254,Orthopedics
32442,Oncology
65506,Cardiology
10530,Pediatrics
37381,Cardiology
75895,Pediatrics
78982,Cardiology
47148,Oncology
33651,Oncology
99662,Neurology
82465,Cardiology
51841,Orthopedics
68560,Cardiology
32396,Orthopedics
99071,Orthopedics
48340,Cardiology
23573,Orthopedics
27599,Neurology
86115,Oncology
95565,Cardiology
45390,Pediatrics
93689,Cardiology
33440,Orthopedics
66383,Pediatrics
49015,Orthopedics
62478,Neurology
19002,Neurology
77884,Pediatrics
59488,Pediatrics
39278,Pediatrics
49227,Neurology
66611,Oncology
15186,Orthopedics
49293,Pediatrics
17229,Oncology
71138,Orthopedics
86145,Pediatrics
22054,Orthopedics
87541,Oncology
53117,Neurology
54049,Neurology
42969,Oncology
23341,Neurology
63431,Cardiology
41700,Orthopedics
18121,Cardiology
87393,Oncology
28851,Orthopedics
53002,Oncology
92714,Cardiology
36027,Neurology
60226,Cardiology
75464,Neurology
91066,Orthopedics
19614,Pediatrics
67354,Pediatrics
18385,Cardiology
35339,Neurology
35543,Pediatrics
13810,Pediatrics
68169,Oncology
50841,Neurology
27965,Cardiology
54677,Pediatrics
24130,Oncology
88183,Orthopedics
74500,Oncology
74000,Cardiology
82454,Oncology
36648,Neurology
12179,Neurology
41835,Orthopedics
94710,Oncology
30188,Cardiology
66197,Oncology
36891,Pediatrics
33359,Cardiology
55935,Cardiology
56609,Oncology
17597,Orthopedics
98487,Orthopedics
48042,Oncology
29407,Neurology
26905,Cardiology
92760,Pediatrics
39527,Orthopedics
52515,Pediatrics
16387,Oncology
70426,Pediatrics
80116,Pediatrics
56172,Neurology
76555,Pediatrics
38356,Orthopedics
60467,Cardiology
86351,Orthopedics
26357,Neurology
20770,Orthopedics
25366,Pediatrics
14838,Cardiology
87107,Oncology
25926,Neurology
90491,Orthopedics
49125,Neurology
37799,Neurology
78493,Orthopedics
27230,Neurology
88349,Neurology
28253,Oncology
59679,Cardiology
48503,Orthopedics
29849,Orthopedics
31573,Oncology
31774,Orthopedics
60819,Oncology
64495,Orthopedics
47477,Neurology
13404,Orthopedics
24398,Pediatrics
81461,Orthopedics
72790,Cardiology
82100,Neurology
10148,Pediatrics
23186,Pediatrics
65150,Orthopedics
94466,Pediatrics
97313,Orthopedics
14489,Orthopedics
84788,Cardiology
63272,Cardiology
70717,Neurology
23154,Oncology
20272,Neurology
48666,Cardiology
11532,Cardiology
89315,Pediatrics
93822,Oncology
39690,Oncology
58673,Cardiology
78257,Pediatrics
78849,Neurology
38521,Orthopedics
80707,Orthopedics
16235,Neurology
66293,Orthopedics
11707,Orthopedics
27245,Orthopedics
83249,Neurology
22843,Oncology
50364,Pediatrics
72825,Orthopedics
45603,Orthopedics
17362,Cardiology
45587,Pediatrics
70085,Oncology
42592,Oncology
76742,Cardiology
63187,Neurology
14629,Orthopedics
62231,Orthopedics
33171,Oncology
23055,Orthopedics
48296,Cardiology
25870,Orthopedics
44241,Pediatrics
58373,Neurology
68289,Pediatrics
49412,Neurology
57852,Pediatrics
11587,Pediatrics
24769,Orthopedics
17037,Orthopedics
55654,Neurology
86455,Neurology
99788,Oncology
80879,Pediatrics
16282,Neurology
69731,Oncology
32868,Cardiology
95034,Pediatrics
92580,Pediatrics
37549,Orthopedics
89219,Pediatrics
61686,Orthopedics
44276,Pediatrics
75599,Neurology
44632,Neurology
35168,Orthopedics
69752,Oncology
53289,Neurology
88427,Oncology
67220,Cardiology
83288,Oncology
77548,Pediatrics
21773,Cardiology
33826,Pediatrics
78611,Cardiology
23404,Orthopedics
78217,Neurology
32453,Cardiology
85601,Cardiology
28769,Neurology
62200,Oncology
38837,Orthopedics
97129,Orthopedics
47262,Orthopedics
49826,Cardiology
87035,Pediatrics
66152,Cardiology
48600,Pediatrics
50176,Oncology
68291,Pediatrics
38457,Pediatrics
43717,Pediatrics
31780,Neurology
81762,Cardiology
57840,Cardiology
64582,Oncology
86254,Cardiology
37917,Cardiology
41659,Neurology
43034,Orthopedics
73318,Pediatrics
79406,Cardiology
49090,Cardiology
74034,Neurology
27425,Neurology
26911,Orthopedics
45558,Pediatrics
83656,Pediatrics
78086,Orthopedics
14752,Orthopedics
19258,Cardiology
72814,Pediatrics
52092,Neurology
95243,Orthopedics
32558,Oncology
33659,Cardiology
13109,Orthopedics
12678,Cardiology
20742,Orthopedics
90090,Pediatrics
33137,Orthopedics
48135,Orthopedics
53224,Cardiology
61391,Neurology
27383,Pediatrics
58701,Neurology
33955,Oncology
61655,Cardiology
99899,Pediatrics
97447,Cardiology
77938,Oncology
74232,Orthopedics
34867,Cardiology
29957,Oncology
67352,Cardiology
46843,Orthopedics
25750,Orthopedics
29934,Oncology
30354,Neurology
43237,Pediatrics
97825,Pediatrics
54043,Orthopedics
41034,Neurology
17262,Pediatrics
92164,Orthopedics
11723,Neurology
97317,Neurology
41909,Oncology
73095,Oncology
95387,Cardiology
63034,Neurology
47419,Pediatrics
66003,Orthopedics
82812,Orthopedics
25821,Orthopedics
68521,Oncology
90399,Cardiology
72215,Cardiology
26882,Neurology
40170,Orthopedics
95222,Cardiology
47759,Orthopedics
72653,Cardiology
31260,Oncology
69769,Orthopedics
84837,Neurology
99051,Cardiology
48166,Pediatrics
56025,Pediatrics
33854,Orthopedics
18271,Orthopedics
57637,Pediatrics
13987,Pediatrics
84740,Pediatrics
14511,Oncology
63346,Pediatrics
73754,Orthopedics
79098,Orthopedics
52131,Pediatrics
48300,Cardiology
87909,Cardiology
32204,Orthopedics
75836,Orthopedics
25764,Pediatrics
71308,Pediatrics
87392,Pediatrics
63456,Neurology
43942,Cardiology
45238,Oncology
46558,Orthopedics
97855,Oncology
84003,Orthopedics
66638,Pediatrics
49486,Orthopedics
18110,Cardiology
40409,Cardiology
63862,Orthopedics
28974,Oncology
76752,Cardiology
17574,Oncology
67199,Cardiology
66367,Oncology
88335,Oncology
30063,Oncology
43952,Orthopedics
68011,Pediatrics
41861,Cardiology
85184,Pediatrics
42274,Orthopedics
33752,Cardiology
29681,Orthopedics
48078,Pediatrics
51508,Orthopedics
21552,Neurology
59188,Orthopedics
27310,Pediatrics
25541,Cardiology
80791,Orthopedics
80695,Pediatrics
93071,Cardiology
66966,Orthopedics
93009,Cardiology
37612,Neurology
97006,Pediatrics
56008,Pediatrics
17001,Orthopedics
31117,Cardiology
27197,Orthopedics
36078,Orthopedics
41390,Pediatrics
32922,Oncology
35679,Neurology
66475,Neurology
37156,Orthopedics
82409,Pediatrics
52190,Cardiology
16090,Pediatrics
94594,Neurology
65933,Pediatrics
95020,Oncology
81112,Orthopedics
12922,Orthopedics
31147,Pediatrics
67626,Pediatrics
42431,Oncology
23973,Oncology
88904,Orthopedics
13328,Oncology
85356,Oncology
83204,Orthopedics
12218,Oncology
29851,Pediatrics
74644,Pediatrics
73681,Neurology
84536,Orthopedics
53503,Pediatrics
34625,Oncology
23717,Pediatrics
73171,Orthopedics
64521,Orthopedics
80558,Pediatrics
27151,Cardiology
88009,Oncology
64682,Oncology
20493,Cardiology
29614,Orthopedics
42035,Oncology
82604,Oncology
58040,Neurology
82212,Cardiology
49496,Neurology
70221,Cardiology
43508,Neurology
13198,Neurology
86190,Pediatrics
49307,Cardiology
64282,Cardiology
97092,Pediatrics
54666,Neurology
14431,Orthopedics
17633,Orthopedics
33173,Pediatrics
31039,Pediatrics
80435,Neurology
29738,Neurology
38926,Neurology
10823,Cardiology
59587,Neurology
55388,Cardiology
14989,Cardiology
40079,Neurology
91948,Cardiology
81364,Neurology
26447,Cardiology
71957,Orthopedics
63450,Cardiology
72971,Neurology
93047,Orthopedics
61865,Oncology
18576,Neurology
97646,Neurology
83469,Oncology
81601,Neurology
77379,Pediatrics
95868,Pediatrics
82730,Orthopedics
76515,Pediatrics
96130,Orthopedics
25873,Oncology
57295,Cardiology
94661,Cardiology
33621,Orthopedics
51713,Oncology
55429,Neurology
77227,Pediatrics
67991,Cardiology
95741,Orthopedics
88729,Cardiology
12123,Oncology
27505,Cardiology
24296,Cardiology
12880,Neurology
81942,Pediatrics
70186,Cardiology
29993,Oncology
40991,Cardiology
13768,Cardiology
81886,Oncology
68492,Oncology
86403,Cardiology
21098,Orthopedics
14289,Neurology
64041,Oncology
80855,Oncology
98577,Oncology
12647,Cardiology
41211,Oncology
45583,Orthopedics
67858,Cardiology
63415,Oncology
32172,Pediatrics
64339,Cardiology
33050,Oncology
13443,Orthopedics
26944,Cardiology
86351,Cardiology
65399,Pediatrics
18881,Pediatrics
46086,Cardiology
93398,Oncology
27513,Orthopedics
55295,Pediatrics
18291,Oncology
70489,Orthopedics
24643,Orthopedics
42814,Pediatrics
47432,Pediatrics
44467,Neurology
59312,Cardiology
21843,Cardiology
41652,Cardiology
79932,Oncology
50727,Orthopedics
44309,Pediatrics
52288,Oncology
13134,Pediatrics
51759,Oncology
66959,Oncology
27559,Oncology
94376,Oncology
65650,Cardiology
30885,Cardiology
47984,Pediatrics
21032,Cardiology
47209,Orthopedics
77107,Cardiology
49527,Orthopedics
50949,Cardiology
61579,Cardiology
24925,Cardiology
48752,Neurology
78280,Oncology
43511,Pediatrics
54799,Pediatrics
29237,Pediatrics
97005,Oncology
65231,Orthopedics
45980,Pediatrics
96738,Oncology
34246,Oncology
68111,Cardiology
32159,Oncology
60024,Orthopedics
99068,Neurology
16250,Orthopedics
25297,Neurology
52220,Orthopedics
63201,Oncology
16341,Pediatrics
26273,Pediatrics
64627,Oncology
18359,Pediatrics
21165,Oncology
70320,Orthopedics
66243,Neurology
38871,Pediatrics
80048,Cardiology
94330,Orthopedics
43414,Neurology
17279,Oncology
94515,Oncology
97990,Pediatrics
24204,Neurology
46258,Pediatrics
49143,Oncology
53160,Oncology
12130,Pediatrics
84932,Orthopedics
19826,Orthopedics
80953,Neurology
75842,Neurology
49130,Orthopedics
30530,Oncology
36906,Orthopedics
69859,Cardiology
48013,Oncology
28756,Orthopedics
53868,Cardiology
70451,Oncology
73566,Pediatrics
76932,Neurology
65208,Neurology
92172,Cardiology
63310,Oncology
14715,Oncology
31825,Oncology
36058,Orthopedics
52571,Pediatrics
50868,Pediatrics
32132,Cardiology
44468,Pediatrics
82644,Orthopedics
38222,Orthopedics
96602,Oncology
10751,Oncology
40732,Oncology
37768,Orthopedics
85918,Neurology
57459,Oncology
33412,Orthopedics
71234,Cardiology
62154,Pediatrics
67819,Oncology
21900,Oncology
61180,Oncology
16151,Cardiology
15971,Pediatrics
26936,Oncology
70343,Neurology
84563,Neurology
58059,Cardiology
48441,Orthopedics
45001,Orthopedics
45344,Neurology
81925,Neurology
64405,Oncology
87922,Oncology
24771,Cardiology
69620,Neurology
99872,Pediatrics
31246,Cardiology
85316,Neurology
88409,Cardiology
67558,Neurology
78490,Orthopedics
12188,Cardiology
63546,Neurology
32935,Orthopedics
39745,Pediatrics
25129,Cardiology
58977,Cardiology
82218,Pediatrics
95825,Orthopedics
10002,Pediatrics
24278,Oncology
32450,Cardiology
62423,Pediatrics
72794,Pediatrics
76176,Cardiology
35155,Oncology
71307,Oncology
58785,Neurology
80155,Neurology
29887,Oncology
27653,Pediatrics
59579,Pediatrics
26813,Cardiology
99193,Cardiology
13886,Orthopedics
53869,Neurology
93870,Orthopedics
76147,Orthopedics
26447,Neurology
87808,Cardiology
87933,Cardiology
54828,Pediatrics
99223,Pediatrics
68811,Cardiology
14953,Orthopedics
58644,Cardiology
57514,Cardiology
61366,Oncology
72051,Pediatrics
46987,Pediatrics
67097,Pediatrics
68143,Cardiology
58916,Oncology
66798,Neurology
53742,Neurology
19753,Cardiology
45885,Cardiology
49194,Oncology
96328,Pediatrics
29088,Pediatrics
12485,Pediatrics
34993,Oncology
91872,Neurology
23594,Cardiology
26305,Cardiology
92404,Oncology
52555,Orthopedics
40632,Orthopedics
39132,Cardiology
95614,Neurology
84606,Cardiology
25367,Orthopedics
80526,Neurology
81143,Pediatrics
29903,Neurology
84719,Neurology
25775,Oncology
84391,Orthopedics
43191,Orthopedics
23390,Pediatrics
65813,Pediatrics
42858,Cardiology
53729,Neurology
95003,Neurology
59302,Pediatrics
48639,Oncology
10322,Neurology
54299,Neurology
96806,Orthopedics
74862,Oncology
93636,Cardiology
84400,Oncology
38142,Neurology
39032,Orthopedics
56060,Oncology
73885,Neurology
14638,Oncology
94095,Cardiology
35269,Cardiology
77819,Pediatrics
26978,Orthopedics
10407,Orthopedics
76443,Neurology
34971,Neurology
70156,Neurology
10565,Cardiology
27615,Pediatrics
69184,Neurology
74034,Neurology
56401,Pediatrics
76066,Neurology
91303,Oncology
42919,Cardiology
30520,Neurology
48150,Oncology
92862,Pediatrics
67427,Cardiology
54400,Oncology
22893,Cardiology
33088,Pediatrics
84775,Pediatrics
63811,Neurology
50165,Oncology
67593,Oncology
86654,Cardiology
13182,Neurology
10957,Oncology
74674,Oncology
31814,Orthopedics
26034,Orthopedics
58026,Cardiology
39935,Oncology
33554,Cardiology
84535,Orthopedics
13181,Neurology
60372,Orthopedics
21324,Oncology
18436,Pediatrics
15914,Cardiology
38866,Cardiology
62984,Orthopedics
80853,Pediatrics
76436,Cardiology
79884,Oncology
30986,Oncology
68635,Orthopedics
72617,Orthopedics
96498,Orthopedics
88964,Oncology
14774,Pediatrics
43505,Orthopedics
46008,Cardiology
80976,Oncology
20734,Neurology
83963,Oncology
80972,Neurology
61812,Cardiology
31425,Neurology
41276,Pediatrics
55371,Orthopedics
24446,Pediatrics
64206,Pediatrics
22439,Neurology
39836,Neurology
25723,Oncology
52261,Orthopedics
57777,Orthopedics
12999,Cardiology
80884,Cardiology
52900,Oncology
48419,Oncology
12031,Neurology
84060,Cardiology
82755,Cardiology
40692,Pediatrics
58894,Oncology
91255,Orthopedics
68675,Oncology
93309,Pediatrics
10874,Pediatrics
73977,Cardiology
30565,Pediatrics
55919,Neurology
26603,Cardiology
20325,Oncology
16775,Orthopedics
21762,Neurology
90708,Pediatrics
94860,Pediatrics
87469,Pediatrics
88890,Pediatrics
10065,Neurology
68640,Neurology
84189,Cardiology
65968,Oncology
86602,Oncology
30786,Neurology
47333,Oncology
67800,Orthopedics
19149,Orthopedics
29827,Oncology
84936,Orthopedics
72812,Cardiology
31719,Neurology
59356,Oncology
87628,Cardiology
98176,Pediatrics
28182,Neurology
40930,Cardiology
77922,Oncology
41593,Pediatrics
96273,Oncology
60707,Pediatrics
78794,Neurology
16770,Cardiology
24181,Neurology
14119,Pediatrics
59679,Neurology
64105,Oncology
34049,Orthopedics
24184,Cardiology
47224,Oncology
61097,Pediatrics
79106,Oncology
37500,Neurology
21561,Pediatrics
48948,Oncology
94002,Cardiology
78216,Neurology
31692,Pediatrics
82767,Oncology
70350,Oncology
75114,Oncology
23268,Cardiology
95221,Oncology
40458,Orthopedics
89801,Orthopedics
36123,Oncology
90552,Orthopedics
66058,Neurology
41979,Orthopedics
34546,Cardiology
92244,Orthopedics
31376,Orthopedics
93784,Oncology
66588,Oncology
73031,Orthopedics
93255,Neurology
45903,Orthopedics
49023,Orthopedics
24611,Oncology
26351,Neurology
18107,Cardiology
86706,Orthopedics
34519,Neurology
80604,Cardiology
79829,Oncology
14701,Pediatrics
20613,Oncology
39998,Orthopedics
41360,Cardiology
92417,Cardiology
42932,Pediatrics
59777,Orthopedics
76694,Neurology
79788,Oncology
77563,Orthopedics
27958,Pediatrics
14438,Neurology
25309,Neurology
68846,Cardiology
75126,Oncology
94880,Pediatrics
83067,Orthopedics
61325,Oncology
62902,Oncology
56265,Cardiology
69264,Neurology
18379,Orthopedics
10453,Pediatrics
87390,Pediatrics
15221,Oncology
35930,Orthopedics
61914,Orthopedics
21243,Orthopedics
39977,Pediatrics
83236,Oncology
95208,Pediatrics
50165,Cardiology
66787,Oncology
60100,Neurology
74741,Orthopedics
26078,Oncology
47228,Oncology
12883,Pediatrics
18184,Cardiology
31823,Neurology
40547,Neurology
27194,Pediatrics
82578,Neurology
33303,Neurology
82737,Neurology
14121,Cardiology
89693,Pediatrics
29182,Oncology
73569,Pediatrics
88467,Pediatrics
88882,Cardiology
33665,Pediatrics
92051,Pediatrics
42485,Oncology
66453,Oncology
18128,Oncology
55527,Orthopedics
51287,Cardiology
46024,Neurology
45246,Neurology
95093,Cardiology
85934,Cardiology
58306,Orthopedics
81252,Oncology
71454,Pediatrics
69586,Cardiology
78543,Pediatrics
13755,Pediatrics
17636,Pediatrics
71720,Pediatrics
83776,Pediatrics
61131,Neurology
10491,Cardiology
43263,Oncology
36810,Pediatrics
46347,Neurology
87437,Oncology
11718,Pediatrics
72404,Neurology
28801,Cardiology
43496,Oncology
21662,Orthopedics
23974,Oncology
47304,Pediatrics
29915,Cardiology
17114,Pediatrics
13057,Cardiology
94628,Pediatrics
55745,Cardiology
17917,Pediatrics
13531,Cardiology
64718,Orthopedics
93338,Neurology
15379,Neurology
13698,Pediatrics
13146,Neurology
74190,Pediatrics
40187,Neurology
28981,Cardiology
22198,Oncology
46780,Orthopedics
29694,Pediatrics
24913,Pediatrics
42592,Pediatrics
96036,Orthopedics
72425,Oncology
16030,Pediatrics
75260,Orthopedics
14301,Orthopedics
64859,Neurology
52805,Oncology
69084,Cardiology
37866,Orthopedics
13352,Oncology
46993,Cardiology
72405,Orthopedics
95944,Oncology
27807,Cardiology
13825,Oncology
56029,Oncology
50077,Oncology
13592,Cardiology
29762,Orthopedics
70716,Neurology
62185,Neurology
16271,Orthopedics
41063,Pediatrics
86249,Orthopedics
98575,Pediatrics
22959,Cardiology
59965,Cardiology
39504,Neurology
32241,Oncology
90229,Neurology
52527,Oncology
27330,Cardiology
32124,Neurology
97318,Pediatrics
93584,Oncology
81421,Pediatrics
45194,Pediatrics
89897,Pediatrics
61441,Cardiology
86668,Neurology
65390,Cardiology
52326,Neurology
30368,Neurology
16199,Orthopedics
93752,Oncology
53068,Orthopedics
90597,Neurology
28969,Pediatrics
21113,Oncology
77721,Orthopedics
20904,Neurology
21931,Orthopedics
58905,Cardiology
70953,Cardiology
13390,Neurology
23935,Neurology
39297,Oncology
27854,Cardiology
96653,Neurology
58340,Pediatrics
98027,Orthopedics
11350,Cardiology
54423,Pediatrics
70756,Cardiology
65726,Cardiology
19383,Neurology
67125,Cardiology
27546,Oncology
63581,Orthopedics
50611,Pediatrics
22644,Neurology
80015,Pediatrics
52548,Cardiology
12011,Orthopedics
11485,Neurology
73326,Pediatrics
10993,Oncology
32373,Neurology
62240,Neurology
80244,Orthopedics
28437,Neurology
37487,Oncology
62601,Orthopedics
98099,Cardiology
16292,Neurology
56826,Cardiology
16390,Oncology
19604,Cardiology
33086,Pediatrics
94908,Orthopedics
34262,Neurology
95560,Neurology
99653,Pediatrics
54230,Cardiology
17168,Oncology
18778,Cardiology
46178,Orthopedics
28124,Orthopedics
26471,Neurology
13387,Neurology
15034,Cardiology
43168,Neurology
21340,Pediatrics
94200,Cardiology
39252,Oncology
37190,Neurology
53294,Neurology
95368,Orthopedics
32207,Cardiology
68337,Cardiology
53903,Orthopedics
51219,Pediatrics
57893,Cardiology
93370,Oncology
83734,Orthopedics
77689,Cardiology
53099,Cardiology
15304,Cardiology
56691,Orthopedics
63968,Oncology
70224,Cardiology
73383,Oncology
68682,Neurology
59476,Orthopedics
39714,Neurology
48962,Cardiology
13972,Orthopedics
41192,Pediatrics
20274,Pediatrics
91540,Pediatrics
39167,Orthopedics
59293,Oncology
13986,Pediatrics
63412,Neurology
99116,Cardiology
80077,Pediatrics
25644,Neurology
86245,Neurology
40643,Cardiology
90050,Neurology
93969,Orthopedics
90204,Pediatrics
65515,Pediatrics
44927,Neurology
49767,Orthopedics
43430,Neurology
70969,Neurology
12794,Neurology
77349,Orthopedics
77109,Pediatrics
48918,Pediatrics
70215,Oncology
57054,Orthopedics
28890,Neurology
67087,Orthopedics
65575,Neurology
12246,Neurology
71891,Pediatrics
52477,Neurology
76907,Neurology
10661,Cardiology
19331,Orthopedics
30717,Neurology
49472,Neurology
55512,Cardiology
34427,Neurology
39723,Cardiology
88295,Orthopedics
40598,Neurology
80276,Cardiology
33140,Neurology
30080,Oncology
66840,Neurology
40543,Neurology
80419,Oncology
77070,Oncology
81057,Neurology
71113,Cardiology
88182,Orthopedics
23053,Neurology
35515,Oncology
79319,Oncology
72402,Pediatrics
82459,Neurology
10891,Neurology
37677,Neurology
61804,Neurology
44182,Oncology
36517,Neurology
91065,Pediatrics
36449,Pediatrics
37284,Neurology
84843,Pediatrics
50222,Oncology
73669,Orthopedics
49977,Orthopedics
40429,Pediatrics
65689,Cardiology
48465,Cardiology
20975,Oncology
22440,Neurology
45894,Oncology
59421,Cardiology
40609,Neurology
58064,Oncology
78968,Neurology
60551,Cardiology
61156,Cardiology
73810,Oncology
28352,Neurology
84482,Oncology
47726,Pediatrics
14225,Oncology
88483,Orthopedics
24994,Neurology
46454,Pediatrics
18701,Orthopedics
26544,Pediatrics
29269,Neurology
38669,Orthopedics
25963,Orthopedics
91290,Neurology
10855,Cardiology
93440,Pediatrics
19471,Neurology
38308,Neurology
87790,Neurology
59560,Cardiology
97422,Oncology
77028,Neurology
47793,Cardiology
85140,Orthopedics
11649,Oncology
17519,Orthopedics
66906,Oncology
76145,Orthopedics
57198,Pediatrics
21566,Oncology
93980,Oncology
44870,Oncology
41633,Pediatrics
20767,Orthopedics
54619,Orthopedics
85041,Pediatrics
77068,Orthopedics
79129,Orthopedics
41205,Cardiology
62089,Pediatrics
31160,Oncology
22166,Neurology
61764,Cardiology
75153,Orthopedics
37942,Neurology
26698,Orthopedics
44883,Pediatrics
67156,Oncology
66431,Oncology
17515,Orthopedics
80623,Cardiology
12963,Oncology
52098,Cardiology
29576,Cardiology
39446,Pediatrics
76598,Neurology
84441,Cardiology
57426,Oncology
70562,Neurology
70604,Neurology
89803,Oncology
59212,Pediatrics
80237,Oncology
82903,Oncology
84452,Oncology
35913,Neurology
41983,Cardiology
60495,Pediatrics
64284,Neurology
71144,Orthopedics
50246,Cardiology
94257,Cardiology
96414,Neurology
35594,Neurology
10671,Neurology
60073,Oncology
91383,Pediatrics
97316,Cardiology
89579,Orthopedics
57947,Oncology
68990,Pediatrics
78403,Oncology
12932,Oncology
59316,Neurology
26312,Pediatrics
46266,Orthopedics
84094,Orthopedics
21485,Oncology
36539,Cardiology
45902,Oncology
14554,Oncology
34700,Pediatrics
64265,Oncology
41514,Orthopedics
93164,Pediatrics
70292,Cardiology
88298,Orthopedics
59068,Oncology
52717,Neurology
90634,Pediatrics
57641,Neurology
84682,Orthopedics
57936,Neurology
70300,Orthopedics
95810,Pediatrics
44873,Orthopedics
85761,Pediatrics
35134,Neurology
78902,Oncology
38356,Cardiology
65284,Oncology
39326,Pediatrics
11175,Orthopedics
50192,Orthopedics
73832,Neurology
12101,Cardiology
49965,Neurology
27126,Neurology
91088,Orthopedics
27254,Orthopedics
31686,Neurology
12575,Oncology
45408,Pediatrics
73395,Pediatrics
98576,Pediatrics
52244,Orthopedics
39896,Oncology
46857,Cardiology
30700,Pediatrics
92181,Cardiology
45921,Cardiology
56676,Pediatrics
54114,Orthopedics
26730,Neurology
41804,Orthopedics
47020,Cardiology
32075,Oncology
46311,Cardiology
50419,Pediatrics
46436,Oncology
67575,Pediatrics
54163,Neurology
54482,Cardiology
43543,Orthopedics
52382,Orthopedics
37973,Pediatrics
59590,Cardiology
43638,Cardiology
44872,Cardiology
35762,Cardiology
52435,Neurology
81723,Pediatrics
45095,Pediatrics
45374,Orthopedics
26252,Pediatrics
99526,Cardiology
70182,Orthopedics
33842,Pediatrics
59560,Neurology
92163,Neurology
77874,Neurology
10871,Cardiology
22967,Cardiology
57155,Cardiology
11113,Neurology
69745,Neurology
97182,Pediatrics
46148,Orthopedics
20251,Neurology
15758,Pediatrics
23244,Pediatrics
73273,Pediatrics
54013,Cardiology
94116,Oncology
71755,Cardiology
33385,Orthopedics
61010,Pediatrics
47754,Oncology
51164,Neurology
67461,Neurology
77855,Pediatrics
56034,Neurology
86180,Cardiology
61215,Pediatrics
62708,Pediatrics
60167,Oncology
33756,Orthopedics
90186,Cardiology
45077,Pediatrics
18366,Oncology
96179,Pediatrics
14688,Cardiology
95488,Oncology
91090,Pediatrics
11895,Pediatrics
39030,Orthopedics
65741,Neurology
93290,Neurology
61396,Orthopedics
29884,Cardiology
34309,Neurology
83615,Orthopedics
82057,Neurology
61817,Neurology
72207,Neurology
34017,Pediatrics
20067,Neurology
14175,Oncology
37501,Neurology
18815,Cardiology
13953,Cardiology
86429,Pediatrics
49107,Neurology
45087,Pediatrics
27332,Orthopedics
18267,Pediatrics
47243,Orthopedics
97102,Oncology
19828,Orthopedics
84681,Oncology
84505,Oncology
45921,Cardiology
29784,Cardiology
40743,Neurology
99218,Neurology
15473,Oncology
45299,Oncology
71882,Neurology
55501,Pediatrics
25018,Pediatrics
42643,Cardiology
81726,Oncology
52301,Oncology
95292,Oncology
89186,Neurology
69713,Orthopedics
62029,Orthopedics
96915,Pediatrics
36077,Pediatrics
89705,Orthopedics
22446,Neurology
42340,Orthopedics
14668,Orthopedics
31172,Cardiology
48045,Neurology
50669,Cardiology
45789,Neurology
79474,Cardiology
43789,Pediatrics
82788,Pediatrics
54993,Pediatrics
38088,Oncology
93904,Orthopedics
51574,Oncology
80412,Neurology
72888,Orthopedics
95782,Oncology
54008,Pediatrics
64029,Orthopedics
70107,Cardiology
52623,Cardiology
80205,Oncology
19166,Orthopedics
45849,Neurology
33241,Pediatrics
27622,Oncology
37658,Pediatrics
82271,Pediatrics
65912,Oncology
91815,Orthopedics
67334,Orthopedics
56728,Oncology
74725,Orthopedics
71096,Oncology
25526,Oncology
55790,Oncology
33201,Neurology
53970,Neurology
44102,Neurology
74450,Oncology
28212,Pediatrics
99754,Pediatrics
63032,Orthopedics
51368,Neurology
11575,Orthopedics
